"region","District","PO.Name","Unit.Name","Property.ID","Property.Address","City","ST","ZIP.Code","Occupied","Maint","Eff.Date","Exp.Date","Bldg.Own","Land.Own","Tax.Clause","Purchase.Option","LO.Nbr","LO.Years","Lessor.Name","Lessor.Address1","Lessor.Address2","Lessor.Address3","Lessor.City","Lessor.St","Lessor.ZIP","Int.Sq.Ft","Site.Sq.Ft","Annual.Rent","Rent.Sq.Ft","Next.Rent","Next.Rent...Sq.Ft","Full.Addr","Population","city","state","latitude","longitude","Diff.SqFt.ToAvg"
"1","73002","Oklahoma","ALEX","MAIN OFFICE",390176001,"111 S MAIN ST","ALEX","OK","73002-9998","Feb-63","Landlord",2013-02-01,2018-01-31,"P","P","None Specified","",1,5,"ELEANOR NEWCOMB","29229 ROAD 400","","","MADERA","CA","936368132",1257,7000,5592,4.45,6156,4.9,"111 S MAIN ST,ALEX,OK,73002-9998",994,"Alex","OK",34.936221,-97.74453,-3.03192926045016
"2","73004","Oklahoma","AMBER","MAIN OFFICE",390264001,"402 E MAIN ST","AMBER","OK","73004-9998","Mar-76","Landlord",2016-03-01,2021-02-28,"A","A","Reimbursable","",1,5,"CHRISSCOTT II LLC","5623 N WESTERN AVE STE B","","","OKLAHOMA CITY","OK","731184007",1067,16800,10200,9.56,10668,10,"402 E MAIN ST,AMBER,OK,73004-9998",677,"Amber","OK",35.152892,-97.85582,2.07807073954984
"3","73006","Oklahoma","APACHE","MAIN OFFICE",390319001,"302 E EVANS AVE","APACHE","OK","73006-9998","Jan-61","USPS",2016-01-01,2020-12-31,"P","P","None Specified","",1,5,"DAN FANKHAUSER","VIVIAN F FANKHAUSER","PO BOX 579","","GARDEN CITY","KS","678460579",2413,7483,13272,5.5,14478,6,"302 E EVANS AVE,APACHE,OK,73006-9998",3775,"Apache","OK",34.894964,-98.38697,-1.98192926045016
"4","73009","Oklahoma","BINGER","MAIN OFFICE",390748001,"224 W MAIN ST","BINGER","OK","73009-9998","Sep-62","Landlord",2012-09-15,2017-09-14,"P","P","None Specified","",NA,NA,"CHARLES LIEBERT TRUST PO LLC","C/O WILLOW LIEBERT","PO BOX 45086","","PHOENIX","AZ","850645086",2218,6860,11090,5,0,0,"224 W MAIN ST,BINGER,OK,73009-9998",1348,"Binger","OK",35.292476,-98.35804,-2.48192926045016
"5","73014","Oklahoma","CALUMET","MAIN OFFICE",391331001,"105 E MAIN ST","CALUMET","OK","73014-9998","Jul-67","USPS (Not Roof)",2007-07-01,2017-06-30,"B","B","Reimbursable","N",NA,NA,"CORRAL CREEK LLC","PO BOX 1023","","","VAIL","CO","816581023",1624,7000,13968,8.6,0,0,"105 E MAIN ST,CALUMET,OK,73014-9998",1424,"Calumet","OK",35.587497,-98.14506,1.11807073954984
"6","73015","Oklahoma","CARNEGIE","MAIN OFFICE",391463001,"14 N BROADWAY ST","CARNEGIE","OK","73015-9998","Nov-57","Landlord",2012-11-01,2017-10-31,"B","B","None Specified","",1,5,"CARNEGIE LODGE 294","PO BOX 537","","","CARNEGIE","OK","730150537",3618,6894,7986,2.21,8784,2.43,"14 N BROADWAY ST,CARNEGIE,OK,73015-9998",2752,"Carnegie","OK",35.113271,-98.58643,-5.27192926045016
"7","73016","Oklahoma","CASHION","MAIN OFFICE",391540001,"109 S MAIN ST","CASHION","OK","73016-9998","Aug-67","Landlord",2015-08-01,2020-07-31,"A","A","None Specified","",NA,NA,"LUCY BEUTLER LENHART","REVOCABLE LVG TRUST","PO BOX 146","","KINGFISHER","OK","737500146",966,5436,6896,7.14,0,0,"109 S MAIN ST,CASHION,OK,73016-9998",1618,"Cashion","OK",35.805831,-97.68754,-0.341929260450161
"8","73017","Oklahoma","CEMENT","MAIN OFFICE",391584001,"406 N MAIN ST","CEMENT","OK","73017-9998","Jan-64","Landlord",2009-01-01,2018-12-31,"A","A","Reimbursable","",1,5,"THOMAS A MEIER","175 BIRCH BLVD STE A","","","SEDONA","AZ","863365635",1662,5662,14900,8.97,16380,9.86,"406 N MAIN ST,CEMENT,OK,73017-9998",1796,"Cement","OK",34.932493,-98.11946,1.48807073954984
"9","73024","Oklahoma","CORN","MAIN OFFICE",392090001,"208 W MAIN","CORN","OK","73024-9998","May-52","Landlord",2012-05-01,2017-04-30,"P","P","None Specified","",1,5,"KENNETH KRAUSE AND","CHARLIE ESKEW","700 S HOFF","","EL RENO","OK","730363825",772,1978,3860,5,4671,6.05,"208 W MAIN,CORN,OK,73024-9998",618,"Corn","OK",35.370775,-98.80897,-2.48192926045016
"10","73028","Oklahoma","CRESCENT","MAIN OFFICE",392200001,"115 N GRAND ST","CRESCENT","OK","73028-9998","Feb-62","Landlord",2012-02-01,2017-01-31,"P","P","None Specified","",1,5,"JHCH PROPERTIES LLC","4527 E 91ST ST","","","TULSA","OK","741372810",2551,7000,16144,6.33,17788,6.97,"115 N GRAND ST,CRESCENT,OK,73028-9998",3272,"Crescent","OK",35.96375,-97.63071,-1.15192926045016
"11","73029","Oklahoma","CYRIL","MAIN OFFICE",392288001,"112 W MAIN ST","CYRIL","OK","73029-9998","Feb-61","Landlord",2016-02-01,2021-01-31,"P","P","Reimbursable","",1,5,"HOOVER MGMT CO INC","3814 HILLSIDE DR","","","SAPULPA","OK","740668943",2100,7000,17010,8.1,17861,8.51,"112 W MAIN ST,CYRIL,OK,73029-9998",1700,"Cyril","OK",34.907566,-98.19738,0.618070739549839
"12","73033","Oklahoma","EAKLY","MAIN OFFICE",392684001,"404 W MAIN ST","EAKLY","OK","73033-9998","Feb-70","Landlord",2015-02-01,2020-01-31,"B","B","None Specified","",1,5,"ESTATE OF DEVELYA COX","PO BOX 99","","","GUTHRIE","OK","730440099",864,7000,5448,6.31,6000,6.94,"404 W MAIN ST,EAKLY,OK,73033-9998",482,"Eakly","OK",35.303547,-98.55543,-1.17192926045016
"13","73040","Oklahoma","GEARY","MAIN OFFICE",393344001,"120 NW 1ST ST","GEARY","OK","73040-9998","Feb-61","Landlord",2012-02-01,2017-01-31,"B","B","None Specified","",1,5,"NATIONWIDE REAL ESTATE INC","100 N LASALLE ST STE 1111","","","CHICAGO","IL","606023537",2187,5485,11788,5.39,12966,5.93,"120 NW 1ST ST,GEARY,OK,73040-9998",1895,"Geary","OK",35.631117,-98.35764,-2.09192926045016
"14","73047","Oklahoma","HINTON","MAIN OFFICE",393982002,"107 S NOBLE ST","HINTON","OK","73047-9998","Jun-79","Landlord",2014-06-01,2019-05-31,"A","A","None Specified","",1,5,"TERRAL R GARRISON","OR SANDY D GARRISON","2095 E SKYVIEW ST","","HINTON","OK","730479053",1856,21000,12360,6.66,13620,7.34,"107 S NOBLE ST,HINTON,OK,73047-9998",4847,"Hinton","OK",35.463837,-98.32451,-0.821929260450161
"15","73048","Oklahoma","HYDRO","MAIN OFFICE",394235002,"221 W MAIN ST","HYDRO","OK","73048-9998","Oct-91","USPS (Not Roof)",2011-11-01,2016-10-31,"A","A","None Specified","N",1,5,"WAYLAND D SWEENEY","BARBARA A SWEENEY","102 W ADAMS APT 8","","CORN","OK","730249603",2320,21875,19094,8.23,17400,7.5,"221 W MAIN ST,HYDRO,OK,73048-9998",1993,"Hydro","OK",35.471566,-98.54418,0.748070739549839
"16","73049","Oklahoma","JONES","MAIN OFFICE",394356001,"120 E MAIN ST","JONES","OK","73049-9800","May-65","USPS",2011-05-15,2016-05-14,"A","A","Reimbursable","N",NA,NA,"VELTA MAE MC KINNEY","VELTA M MC KINNEY TRUST","9709 N HIWASSEE RD","","JONES","OK","730497411",2088,5600,9874,4.73,10860,5.2,"120 E MAIN ST,JONES,OK,73049-9800",5682,"Jones","OK",35.572909,-97.29596,-2.75192926045016
"17","73050","Oklahoma","LANGSTON","MAIN OFFICE",394719001,"100 WILEY JONES ST","LANGSTON","OK","73050-9998","Mar-58","Landlord",2014-02-01,2019-01-31,"P","P","None Specified","",1,5,"CHARLES LIEBERT TRUST PO LLC","C/O WILLOW LIEBERT","PO BOX 45086","","PHOENIX","AZ","850645086",1715,6840,14715,8.58,15435,9,"100 WILEY JONES ST,LANGSTON,OK,73050-9998",816,"Langston","OK",35.941421,-97.25495,1.09807073954984
"18","73053","Oklahoma","LOOKEBA","MAIN OFFICE",394994001,"201 W WICHITA ST","LOOKEBA","OK","73053-9998","Mar-47","Landlord",2013-12-01,2018-11-30,"P","P","None Specified","",1,5,"CARL H DAHL OR","LILLIAN D DAHL","PO BOX 22","","LOOKEBA","OK","730530022",1104,3498,4356,3.95,4800,4.35,"201 W WICHITA ST,LOOKEBA,OK,73053-9998",692,"Lookeba","OK",35.372736,-98.41223,-3.53192926045016
"19","73056","Oklahoma","MARSHALL","MAIN OFFICE",395302002,"221 E MAIN ST","MARSHALL","OK","73056-5600","Jul-92","USPS (Not Roof)",2012-06-01,2017-05-31,"A","A","Reimbursable","N",1,5,"PHYLLIS COHEN RESIDUARY TRUST","PAUL KLEIN CARL HIRSCH CO TTEE 4799","ATTN DAVID COHEN","2151 NW 139TH TER","PEMBROKE PINES","FL","330282838",1067,14000,8495,7.96,7495,7.02,"221 E MAIN ST,MARSHALL,OK,73056-5600",590,"Marshall","OK",36.153239,-97.62988,0.478070739549839
"20","73057","Oklahoma","MAYSVILLE","MAIN OFFICE",395368001,"622 MAIN ST","MAYSVILLE","OK","73057-9998","Mar-61","Landlord",2016-03-01,2021-02-28,"P","P","Reimbursable","",NA,NA,"HOOVER MGMT CO INC","3814 HILLSIDE DR","","","SAPULPA","OK","740668943",2462,6362,17748,7.21,0,0,"622 MAIN ST,MAYSVILLE,OK,73057-9998",2338,"Maysville","OK",34.828663,-97.42481,-0.271929260450161
"21","73059","Oklahoma","MINCO","MAIN OFFICE",395555001,"301 MAIN ST","MINCO","OK","73059-9998","Aug-65","Landlord",2012-08-01,2017-07-31,"P","P","None Specified","",NA,NA,"HOOVER MGMT CO INC","3814 HILLSIDE DR","","","SAPULPA","OK","740668943",2633,7000,18432,7,26814,10.18,"301 MAIN ST,MINCO,OK,73059-9998",2535,"Minco","OK",35.313109,-98.01237,-0.481929260450161
"22","73061","Oklahoma","MORRISON","MAIN OFFICE",395643001,"309 WOOLSEY AVE","MORRISON","OK","73061-9998","Mar-67","Landlord",2014-03-01,2019-02-28,"P","P","None Specified","",1,5,"1ST NATL BANK WEATHERFORD","1100 E MAIN ST","","","WEATHERFORD","OK","730965746",1056,4525,7392,7,7762,7.35,"309 WOOLSEY AVE,MORRISON,OK,73061-9998",1695,"Morrison","OK",36.323723,-97.00904,-0.481929260450161
"23","73062","Oklahoma","MOUNTAIN VIEW","MAIN OFFICE",395676001,"302 MAIN ST","MOUNTAIN VIEW","OK","73062-9998","May-67","Landlord",2012-05-01,2017-04-30,"P","P","None Specified","N",NA,NA,"TERRY G HELLER","AND TERESA HELLER","13247 N 2320 RD","","GOTEBO","OK","730416705",2826,10500,13596,4.81,14820,5.24,"302 MAIN ST,MOUNTAIN VIEW,OK,73062-9998",1435,"Mountain View","OK",35.062348,-98.73519,-2.67192926045016
"24","73063","Oklahoma","MULHALL","MAIN OFFICE",395709003,"112 S LEWIS","MULHALL","OK","73063-9998","Jan-02","USPS (Not Roof)",2015-02-01,2020-01-31,"A","A","None Specified","N",NA,NA,"JOHN W SILL SR","MARY H SILL","P O BOX 817","","BLANCHARD","OK","730100817",874,17500,9250,10.58,0,0,"112 S LEWIS,MULHALL,OK,73063-9998",654,"Mulhall","OK",36.06773,-97.43987,3.09807073954984
"25","73067","Oklahoma","NINNEKAH","MAIN OFFICE",395918001,"905 WALNUT ST","NINNEKAH","OK","73067-9998","Sep-77","Landlord",2012-09-01,2017-08-31,"B","B","Reimbursable","",1,5,"JACOBS FAMILY TRUST 9/15/09","2303 E BRIGANTINE DR","","","EAGLE","ID","836166627",1400,15000,11550,8.25,12705,9.08,"905 WALNUT ST,NINNEKAH,OK,73067-9998",2068,"Ninnekah","OK",34.909551,-97.9436,0.768070739549839
"26","73073","Oklahoma","ORLANDO","MAIN OFFICE",396248001,"100 HIGHWAY 77","ORLANDO","OK","73073-7300","Jul-49","Landlord",2012-09-01,2017-08-31,"P","P","None Specified","",NA,NA,"CARL R HENKE TRUSTEE","REVOCABLE INTERVIVOS TRUST","11475 S BRYANT AVE","","EDMOND","OK","730348640",1007,1007,4440,4.41,0,0,"100 HIGHWAY 77,ORLANDO,OK,73073-7300",624,"Orlando","OK",36.151316,-97.36279,-3.07192926045016
"27","73074","Oklahoma","PAOLI","MAIN OFFICE",396358001,"307 S OKLAHOMA ST","PAOLI","OK","73074-9998","May-61","Landlord",2015-05-01,2020-04-30,"A","A","Reimbursable","",NA,NA,"LAWRENCE M MAGDOVITZ","PO BOX 997","","","CLARKSDALE","MS","386140997",907,3907,6984,7.7,0,0,"307 S OKLAHOMA ST,PAOLI,OK,73074-9998",1121,"Paoli","OK",34.831083,-97.2718,0.218070739549839
"28","73079","Oklahoma","POCASSET","MAIN OFFICE",396600001,"130 N MAIN ST","POCASSET","OK","73079-9998","Dec-44","Landlord",2015-01-01,2019-12-31,"A","A","Reimbursable","",NA,NA,"LAWRENCE M MAGDOVITZ","PO BOX 997","","","CLARKSDALE","MS","386140997",1088,1112,10884,10,0,0,"130 N MAIN ST,POCASSET,OK,73079-9998",667,"Pocasset","OK",35.210855,-98.01195,2.51807073954984
"29","73082","Oklahoma","RUSH SPRINGS","MAIN OFFICE",397117001,"315 W BLAKELY ST","RUSH SPRINGS","OK","73082-9998","Feb-61","USPS",2016-02-01,2021-01-31,"A","A","Reimbursable","",NA,NA,"POSTAL BUILDING & LEASING CO","720 OLIVE ST STE 1630","","","ST LOUIS","MO","631012321",2280,7000,17844,7.83,0,0,"315 W BLAKELY ST,RUSH SPRINGS,OK,73082-9998",2464,"Rush Springs","OK",34.790635,-97.93807,0.348070739549839
"30","73090","Oklahoma","UNION CITY","MAIN OFFICE",398503002,"201 N MAIN","UNION CITY","OK","73090-9998","Jun-79","USPS (Not Roof)",2011-06-15,2016-06-14,"P","P","None Specified","",1,5,"ELDON R VENTRIS","AND BARBARA J VENTRIS","1354 SW 3RD ST","","MINCO","OK","730597523",928,7920,7260,7.82,7986,8.61,"201 N MAIN,UNION CITY,OK,73090-9998",1663,"Union City","OK",35.394725,-97.93552,0.338070739549839
"31","73092","Oklahoma","VERDEN","MAIN OFFICE",398569001,"100 MORRIS AVE","VERDEN","OK","73092-9800","Aug-43","Landlord",2012-08-01,2017-07-31,"P","P","None Specified","",NA,NA,"KATHLEEN B ALLEN","EXECUTRIX ESTATE OF","CHARLES ALLEN","PO BOX 159","VERDEN","OK","730920159",1294,3057,8700,6.72,0,0,"100 MORRIS AVE,VERDEN,OK,73092-9800",986,"Verden","OK",35.109275,-98.08247,-0.761929260450161
"32","73093","Oklahoma","WASHINGTON","MAIN OFFICE",398767001,"214 N MAIN AVE","WASHINGTON","OK","73093-9998","Sep-43","Landlord",2013-11-01,2018-10-31,"P","P","None Specified","",NA,NA,"LEONARD B KEITH AND","BILLIE FAYE KEITH","25095 STATE HWY 74","","WASHINGTON","OK","730934719",1200,3400,6600,5.5,0,0,"214 N MAIN AVE,WASHINGTON,OK,73093-9998",2804,"Washington","OK",35.089882,-97.48837,-1.98192926045016
"33","73095","Oklahoma","WAYNE","MAIN OFFICE",398855001,"100 S SHANNON ST","WAYNE","OK","73095-9998","Sep-66","USPS (Not Roof)",2006-09-01,2016-08-31,"B","B","Reimbursable","",NA,NA,"CORRAL CREEK LLC","PO BOX 1023","","","VAIL","CO","816581023",1405,7500,13137,9.35,0,0,"100 S SHANNON ST,WAYNE,OK,73095-9998",1865,"Wayne","OK",34.913215,-97.30452,1.86807073954984
"34","73430","Oklahoma","BURNEYVILLE","MAIN OFFICE",391221002,"200 N MAIN ST","BURNEYVILLE","OK","73430-9998","Jul-83","USPS (Not Roof)",2013-07-01,2018-06-30,"B","B","Reimbursable","",1,5,"LAWRENCE M MAGDOVITZ","PO BOX 997","","","CLARKSDALE","MS","386140997",725,5000,5871,8.1,6300,8.69,"200 N MAIN ST,BURNEYVILLE,OK,73430-9998",1278,"Burneyville","OK",33.925768,-97.36956,0.618070739549839
"35","73432","Oklahoma","COLEMAN","MAIN OFFICE",391947002,"12900 OK HIGHWAY 48A E","COLEMAN","OK","73432-9998","Mar-94","Landlord",2014-03-30,2019-03-29,"A","A","None Specified","Y",1,5,"MY HOMETOWN LLC","3631 S ELM PL STE 805","","","BROKEN ARROW","OK","740111859",980,22500,8100,8.27,9972,10.18,"12900 OK HIGHWAY 48A E,COLEMAN,OK,73432-9998",915,"Coleman","OK",34.252682,-96.43358,0.788070739549839
"36","73433","Oklahoma","ELMORE CITY","MAIN OFFICE",392794001,"204 S MAIN ST","ELMORE CITY","OK","73433-9998","May-62","Landlord",2012-05-01,2017-04-30,"A","A","None Specified","",1,5,"GLENNA GIBSON OTT","JEANNE G GIBSON ESTATE","GLENNA GIBSON OTT EXEC","18914 THUNDER RIDGE","NORMAN","OK","730728743",2190,6205,12483,5.7,13140,6,"204 S MAIN ST,ELMORE CITY,OK,73433-9998",2509,"Elmore City","OK",34.625144,-97.39901,-1.78192926045016
"37","73434","Oklahoma","FOSTER","MAIN OFFICE",393223001,"20188 E COUNTY ROAD 1655","FOSTER","OK","73434-9998","May-77","Landlord",2013-12-01,2018-11-30,"A","A","None Specified","",1,5,"BOBBY G STUDDARD AND","KATIE M STUDDARD","PO BOX 4777","","FOSTER","OK","734344777",593,593,3000,5.06,3960,6.68,"20188 E COUNTY ROAD 1655,FOSTER,OK,73434-9998",557,"Foster","OK",34.647208,-97.55044,-2.42192926045016
"38","73447","Oklahoma","MANNSVILLE","MAIN OFFICE",395236001,"101 N 20TH ST","MANNSVILLE","OK","73447-9998","Jan-66","Landlord",2012-01-01,2016-12-31,"P","P","None Specified","",1,5,"JERRY CLEMENT OR","SHIRLEY CLEMENT","701 SHIRLEY LN","","MADILL","OK","734469772",1070,7000,7459,6.97,8578,8.02,"101 N 20TH ST,MANNSVILLE,OK,73447-9998",1286,"Mannsville","OK",34.225742,-96.86109,-0.511929260450161
"39","73449","Oklahoma","MEAD","MAIN OFFICE",395390001,"310 N MAIN ST","MEAD","OK","73449-9998","Nov-75","Landlord",2012-12-01,2017-11-30,"A","A","None Specified","N",NA,NA,"HARRIMACK, LLC","8342 MACON RD","","","CORDOVA","TN","380188554",1400,15623,10950,7.82,11923,8.52,"310 N MAIN ST,MEAD,OK,73449-9998",3251,"Mead","OK",33.990978,-96.54409,0.338070739549839
"40","73455","Oklahoma","RAVIA","MAIN OFFICE",396853001,"312 E GRAND ST","RAVIA","OK","73455-9800","Jun-76","Landlord",2013-06-01,2018-05-31,"A","A","None Specified","N",NA,NA,"DAN FANKHAUSER","VIVIAN F FANKHAUSER","PO BOX 579","","GARDEN CITY","KS","678460579",1067,12294,8397,7.87,0,0,"312 E GRAND ST,RAVIA,OK,73455-9800",604,"Ravia","OK",34.240761,-96.75726,0.388070739549839
"41","73458","Oklahoma","SPRINGER","MAIN OFFICE",397733001,"16625 US HIGHWAY 77","SPRINGER","OK","73458-9998","Jan-75","Landlord",2015-03-01,2020-02-29,"A","A","None Specified","N",NA,NA,"GAYLE PLETCHER","PO BOX 338","","","SPRINGER","OK","734580338",1400,16000,10588,7.56,0,0,"16625 US HIGHWAY 77,SPRINGER,OK,73458-9998",1001,"Springer","OK",34.337522,-97.23958,0.0780707395498386
"42","73459","Oklahoma","THACKERVILLE","MAIN OFFICE",398195002,"281 S HIGHWAY 77","THACKERVILLE","OK","73459-9998","Apr-91","USPS (Not Roof)",2016-04-01,2021-03-31,"A","A","None Specified","N",NA,NA,"JOHN R KENNEDY","REVOCABLE TRUST","PO BOX 189","","MARIETTA","OK","734480189",1400,33186,11220,8.01,0,0,"281 S HIGHWAY 77,THACKERVILLE,OK,73459-9998",1059,"Thackerville","OK",33.794716,-97.13848,0.528070739549839
"43","73461","Oklahoma","WAPANUCKA","MAIN OFFICE",398723002,"109 E MAIN ST","WAPANUCKA","OK","73461-9998","Feb-92","USPS (Not Roof)",2012-02-11,2017-02-10,"A","A","Reimbursable","N",1,5,"BETTY M SULLIVAN AND","OR SUSAN P SULLIVAN","1290 WEST ARTESIAN RD","","ATOKA","OK","745255148",1400,10500,16800,12,24231,17.31,"109 E MAIN ST,WAPANUCKA,OK,73461-9998",1023,"Wapanucka","OK",34.367986,-96.43012,4.51807073954984
"44","73463","Oklahoma","WILSON","MAIN OFFICE",399119001,"1224 US HIGHWAY 70A","WILSON","OK","73463-9998","Jan-62","USPS",2012-01-01,2016-12-31,"P","P","None Specified","",NA,NA,"WILMA POINDEXTER, TRUSTEE","FOR TURNER & WILMA","POINDEXTER FAMILY TRUST","1000 KIOWA ST","ARDMORE","OK","734012214",3954,14000,13920,3.52,29260,7.4,"1224 US HIGHWAY 70A,WILSON,OK,73463-9998",3678,"Wilson","OK",34.149455,-97.43096,-3.96192926045016
"45","73481","Oklahoma","RATLIFF CITY","MAIN OFFICE",396838001,"57 CHURCH ST","RATLIFF CITY","OK","73481-9998","Jun-66","Landlord",2011-06-01,2016-05-31,"B","B","Reimbursable","",1,5,"EDD R MCNEIL","PR OF ESTATE OF VERGIE MCNEIL WATSO","PO BOX 573","","DAVIS","OK","730300573",1281,2394,8967,7,9864,7.7,"57 CHURCH ST,RATLIFF CITY,OK,73481-9998",910,"Ratliff City","OK",34.43664,-97.50121,-0.481929260450161
"46","73491","Oklahoma","VELMA","MAIN OFFICE",398547002,"503 MAIN ST","VELMA","OK","73491-9998","May-90","USPS (Not Roof)",2015-05-01,2020-04-30,"A","A","None Specified","N",NA,NA,"KEITH DONALD CRANE","& ANN FARLEY CRANE","TTEES OF THE CRANE FAMILY TRUST","PO BOX 1025","WEAVERVILLE","CA","960931025",1856,22680,17500,9.43,0,0,"503 MAIN ST,VELMA,OK,73491-9998",966,"Velma","OK",34.462809,-97.65419,1.94807073954984
"47","73526","Oklahoma","BLAIR","MAIN OFFICE",390814001,"111 E MAIN ST","BLAIR","OK","73526-9998","May-61","Landlord",2013-05-01,2018-04-30,"A","A","Reimbursable","N",NA,NA,"LAWRENCE M MAGDOVITZ","ROBERT H CARTER","PO BOX 997","","CLARKSDALE","MS","386140997",1670,6768,13300,7.96,0,0,"111 E MAIN ST,BLAIR,OK,73526-9998",2016,"Blair","OK",34.776114,-99.30835,0.478070739549839
"48","73528","Oklahoma","CHATTANOOGA","MAIN OFFICE",391639001,"307 MADISON AVE","CHATTANOOGA","OK","73528-9800","Oct-76","Landlord",2013-10-01,2018-09-30,"P","P","Reimbursable","",NA,NA,"PJ MAR LLC","1307 CIELO VISTA DR","","","KELLER","TX","762485725",1400,14000,10860,7.76,0,0,"307 MADISON AVE,CHATTANOOGA,OK,73528-9800",558,"Chattanooga","OK",34.425098,-98.65892,0.278070739549839
"49","73529","Oklahoma","COMANCHE","MAIN OFFICE",391980001,"121 S 2ND ST","COMANCHE","OK","73529-9998","Mar-62","Landlord",2012-03-01,2017-02-28,"P","P","None Specified","",NA,NA,"POSTAL BUILDING & LEASING CO","720 OLIVE ST STE 1630","","","SAINT LOUIS","MO","631012321",3446,10500,12660,3.67,31014,9,"121 S 2ND ST,COMANCHE,OK,73529-9998",4968,"Comanche","OK",34.372622,-97.97809,-3.81192926045016
"50","73530","Oklahoma","DAVIDSON","MAIN OFFICE",392354001,"110 W GRAND ST","DAVIDSON","OK","73530-9800","Aug-61","USPS (Not Roof)",2011-08-01,2016-07-31,"A","A","Reimbursable","N",NA,NA,"WOLFE PARTNERS LLC","C/O WOLF & ASSOCIATES","104 TIBURON BLVD STE 100","","MILL VALLEY","CA","949412431",1210,4800,8470,7,9312,7.7,"110 W GRAND ST,DAVIDSON,OK,73530-9800",489,"Davidson","OK",34.254376,-99.05182,-0.481929260450161
"51","73532","Oklahoma","DUKE","MAIN OFFICE",392596001,"106 E 2ND ST","DUKE","OK","73532-9800","Feb-66","USPS (Not Roof)",2014-02-01,2019-01-31,"A","A","Reimbursable","",1,5,"CORRAL CREEK LLC","PO BOX 1023","","","VAIL","CO","816581023",1770,6788,11505,6.5,13275,7.5,"106 E 2ND ST,DUKE,OK,73532-9800",575,"Duke","OK",34.649815,-99.55555,-0.981929260450161
"52","73537","Oklahoma","ELDORADO","MAIN OFFICE",392739001,"116 N 4TH ST","ELDORADO","OK","73537-9800","May-62","USPS (Not Roof)",2012-05-16,2017-05-15,"A","A","Reimbursable","N",NA,NA,"HACIENDA INVESTMENTS INC","C/O DARLENE VISSER","11004 COLVOS DR NW","","GIG HARBOR","WA","983327529",1500,10500,8400,5.6,0,0,"116 N 4TH ST,ELDORADO,OK,73537-9800",571,"Eldorado","OK",34.49515,-99.67861,-1.88192926045016
"53","73540","Oklahoma","FAXON","MAIN OFFICE",393014002,"501 D ST","FAXON","OK","73540-9800","Jan-92","USPS (Not Roof)",2012-01-01,2016-12-31,"A","A","None Specified","Y",1,NA,"LCRP INVESTORS","74 DANA RD","","","BUFFALO","NY","142163513",1067,12236,8800,8.25,0,0,"501 D ST,FAXON,OK,73540-9800",478,"Faxon","OK",34.465332,-98.56181,0.768070739549839
"54","73546","Oklahoma","GRANDFIELD","MAIN OFFICE",393564001,"123 E 2ND ST","GRANDFIELD","OK","73546-9998","Oct-62","USPS",2012-10-01,2017-09-30,"P","P","Reimbursable","",1,5,"ROY HALL","& BEA HALL","19855 COUNTY RD 1570","","ADA","OK","748201346",2996,10500,18126,6.05,19338,6.45,"123 E 2ND ST,GRANDFIELD,OK,73546-9998",1265,"Grandfield","OK",34.239154,-98.72275,-1.43192926045016
"55","73547","Oklahoma","GRANITE","MAIN OFFICE",393575002,"402 N GRANITE ST","GRANITE","OK","73547-9800","Aug-94","Landlord",2014-08-05,2019-08-04,"A","A","None Specified","N",1,5,"WILLIAM R WILLIS AND","ELLEN L WILLIS","PO BOX 277","","GRANITE","OK","735470277",1856,31500,12312,6.63,12312,6.63,"402 N GRANITE ST,GRANITE,OK,73547-9800",2311,"Granite","OK",34.976173,-99.3952,-0.851929260450161
"56","73548","Oklahoma","HASTINGS","MAIN OFFICE",393828001,"106 W MAIN ST","HASTINGS","OK","73548-9800","Mar-60","Landlord",2013-03-21,2020-03-20,"A","A","Reimbursable","N",NA,NA,"ROBERT CARTER","PO BOX 623","","","BULLARD","TX","757570623",1143,3554,7800,6.82,0,0,"106 W MAIN ST,HASTINGS,OK,73548-9800",363,"Hastings","OK",34.239192,-98.11312,-0.661929260450161
"57","73549","Oklahoma","HEADRICK","MAIN OFFICE",393872001,"310 N BROADWAY ST","HEADRICK","OK","73549-9998","Nov-54","Landlord",2012-11-01,2017-10-31,"P","P","None Specified","",1,5,"NELDA J GOODHUE","AUNT JO'S PLACE LLC","PO BOX 45","","HEADRICK","OK","735490045",996,9472,3960,3.98,4320,4.34,"310 N BROADWAY ST,HEADRICK,OK,73549-9998",426,"Headrick","OK",34.645375,-99.15211,-3.50192926045016
"58","73552","Oklahoma","INDIAHOMA","MAIN OFFICE",394257001,"308 MAIN ST","INDIAHOMA","OK","73552-9998","Dec-60","Landlord",2013-12-21,2018-12-20,"P","P","Reimbursable","",NA,NA,"LAWRENCE M MAGDOVITZ","PO BOX 997","","","CLARKSDALE","MS","386140997",907,5499,7200,7.94,0,0,"308 MAIN ST,INDIAHOMA,OK,73552-9998",1404,"Indiahoma","OK",34.62256,-98.75386,0.458070739549839
"59","73559","Oklahoma","MOUNTAIN PARK","MAIN OFFICE",395665002,"204 SPRUCE ST","MOUNTAIN PARK","OK","73559-9998","Aug-84","Landlord",2014-08-01,2019-07-31,"A","A","Reimbursable","",NA,NA,"LAWRENCE M MAGDOVITZ","PO BOX 997","","","CLARKSDALE","MS","386140997",1034,18975,9312,9.01,0,0,"204 SPRUCE ST,MOUNTAIN PARK,OK,73559-9998",631,"Mountain Park","OK",34.696985,-98.96184,1.52807073954984
"60","73560","Oklahoma","OLUSTEE","MAIN OFFICE",396193002,"104 E 4TH ST","OLUSTEE","OK","73560-9998","Jun-67","Landlord",2012-06-01,2017-05-31,"B","B","None Specified","",NA,NA,"BAKER FAMILY TRUST","MARCIA K CROSTHWAIT TTEE","230 MAGNOLIA ST","","ARDMORE","OK","734018433",1387,7000,6360,4.59,0,0,"104 E 4TH ST,OLUSTEE,OK,73560-9998",605,"Olustee","OK",34.571329,-99.45164,-2.89192926045016
"61","73562","Oklahoma","RANDLETT","MAIN OFFICE",396831001,"101 S 6TH ST","RANDLETT","OK","73562-9998","Sep-76","Landlord",2013-10-01,2018-09-30,"B","B","Reimbursable","",NA,NA,"PJ MAR LLC","1307 CIELO VISTA DR","","","KELLER","TX","762485725",1067,14000,7140,6.69,0,0,"101 S 6TH ST,RANDLETT,OK,73562-9998",660,"Randlett","OK",34.188182,-98.43533,-0.791929260450161
"62","73564","Oklahoma","ROOSEVELT","MAIN OFFICE",397051001,"526 S MAIN ST","ROOSEVELT","OK","73564-9800","Dec-61","Landlord",2013-12-01,2018-11-30,"P","P","Reimbursable","N",NA,NA,"LAWRENCE M MAGDOVITZ","PO BOX 997","","","CLARKSDALE","MS","386140997",1888,7000,14160,7.5,0,0,"526 S MAIN ST,ROOSEVELT,OK,73564-9800",509,"Roosevelt","OK",34.834172,-98.97568,0.018070739549839
"63","73566","Oklahoma","SNYDER","MAIN OFFICE",397590001,"401 7TH ST","SNYDER","OK","73566-9998","Mar-68","Landlord",2013-03-01,2018-02-28,"A","A","None Specified","",1,5,"GREGORY K RICHARDSON","440 W HIGHWAY 130","","","NEWCASTLE","OK","73065-556",2264,8750,12000,5.3,13200,5.83,"401 7TH ST,SNYDER,OK,73566-9998",1759,"Snyder","OK",34.637179,-98.96532,-2.18192926045016
"64","73567","Oklahoma","STERLING","MAIN OFFICE",397777001,"210 W MAIN ST","STERLING","OK","73567-9998","Feb-61","USPS",2013-02-01,2018-01-31,"B","B","None Specified","",NA,NA,"LAWRENCE M MAGDOVITZ","PO BOX 997","","","CLARKSDALE","MS","386140997",1002,3402,5001,4.99,0,0,"210 W MAIN ST,STERLING,OK,73567-9998",625,"Sterling","OK",34.748538,-98.16905,-2.49192926045016
"65","73568","Oklahoma","TEMPLE","MAIN OFFICE",398129001,"209 S COMMERCIAL ST","TEMPLE","OK","73568-9800","Mar-71","Landlord",2016-03-01,2021-02-28,"B","B","None Specified","",NA,NA,"DONALD HOWARD BEAR","151 JOSHUA STREET","","","GRANTS PASS","OR","975269332",2112,8875,17952,8.5,0,0,"209 S COMMERCIAL ST,TEMPLE,OK,73568-9800",1286,"Temple","OK",34.273576,-98.23377,1.01807073954984
"66","73569","Oklahoma","TERRAL","MAIN OFFICE",398162002,"309 E APACHE ST","TERRAL","OK","73569-9998","Jul-82","USPS",2012-07-01,2017-06-30,"B","B","Reimbursable","",1,5,"LESTER CRUTCHFIELD","AND IRELINE CURTCHFIELD","13708 CR 114","","ABILENE","TX","796017660",1905,20625,15540,8.16,17094,8.97,"309 E APACHE ST,TERRAL,OK,73569-9998",716,"Terral","OK",33.916049,-97.8621,0.678070739549839
"67","73570","Oklahoma","TIPTON","MAIN OFFICE",398250001,"105 E MAIN ST","TIPTON","OK","73570-9998","Jun-61","USPS",2011-06-01,2016-05-31,"P","P","Reimbursable","N",NA,NA,"POSTAL BUILDING & LEASING CO","720 OLIVE ST STE 1630","","","ST LOUIS","MO","631012321",2535,6427,9084,3.58,15204,6,"105 E MAIN ST,TIPTON,OK,73570-9998",1083,"Tipton","OK",34.500298,-99.12375,-3.90192926045016
"68","73620","Oklahoma","ARAPAHO","MAIN OFFICE",390341001,"668 MAIN ST","ARAPAHO","OK","73620-9800","Jan-65","USPS (Not Roof)",2015-01-01,2019-12-31,"A","A","None Specified","N",NA,NA,"SMITH COZART FAMILY","PROPERTIES LLC","300 SKILES HEIGHTS","","THOMASVILLE","NC","273605140",1420,6300,8400,5.92,0,0,"668 MAIN ST,ARAPAHO,OK,73620-9800",1206,"Arapaho","OK",35.591351,-99.00873,-1.56192926045016
"69","73625","Oklahoma","BUTLER","MAIN OFFICE",391254002,"103 N OLMSTEAD AVE","BUTLER","OK","73625-9998","Jun-84","USPS",2014-03-01,2019-02-28,"B","B","Reimbursable","",1,5,"EVA SUE PHILLIPS TRUSTEE","OF THE PHILLIPS FAMILY TRUST","3238 HUNTINGTON RD","","LAWRENCE","KS","660495207",1400,14000,12830,9.16,13473,9.62,"103 N OLMSTEAD AVE,BUTLER,OK,73625-9998",600,"Butler","OK",35.675986,-99.19074,1.67807073954984
"70","73627","Oklahoma","CARTER","MAIN OFFICE",391496002,"108 E MAIN ST","CARTER","OK","73627-9998","Dec-84","USPS",2014-12-01,2019-11-30,"A","A","Reimbursable","",NA,NA,"POSTAL BUILDING & LEASING CO","720 OLIVE ST STE 1630","","","ST LOUIS","MO","631012321",1856,15000,17386,9.37,0,0,"108 E MAIN ST,CARTER,OK,73627-9998",533,"Carter","OK",35.215997,-99.47006,1.88807073954984
"71","73639","Oklahoma","CUSTER CITY","MAIN OFFICE",392277001,"630 S MAIN ST","CUSTER CITY","OK","73639-9998","Sep-45","Landlord",2011-07-01,2016-06-30,"A","A","None Specified","",1,5,"CUSTER CITY MASONIC LODGE 258","C/O ISAAC CRAWFORD TREASURER","23034 E 940 RD","","CUSTER CITY","OK","736393923",1892,6977,5280,2.79,5808,3.07,"630 S MAIN ST,CUSTER CITY,OK,73639-9998",605,"Custer City","OK",35.70364,-98.93351,-4.69192926045016
"72","73641","Oklahoma","DILL CITY","MAIN OFFICE",392486001,"606 S MCDONALD ST","DILL CITY","OK","73641-9998","Jan-65","USPS (Not Roof)",2015-01-01,2019-12-31,"B","B","None Specified","N",NA,NA,"JACK AND CAROL FRANK","SURVIVORS TRUST","33 ROCKINGHAM DR","","NEWPORT BEACH","CA","926604225",1663,7000,8520,5.12,0,0,"606 S MCDONALD ST,DILL CITY,OK,73641-9998",898,"Dill City","OK",35.26727,-99.18162,-2.36192926045016
"73","73645","Oklahoma","ERICK","MAIN OFFICE",392849001,"119 W 3RD ST","ERICK","OK","73645-9998","Jan-64","Landlord",2015-01-01,2019-12-31,"A","A","Reimbursable","",1,5,"NATIONWIDE REAL ESTATE INC","100 N LASALLE ST STE 1111","","","CHICAGO","IL","606023537",2331,10500,14016,6.01,18253.9,7.83,"119 W 3RD ST,ERICK,OK,73645-9998",1414,"Erick","OK",35.250612,-99.88029,-1.47192926045016
"74","73647","Oklahoma","FOSS","MAIN OFFICE",393212002,"202 E BROADWAY ST","FOSS","OK","73647-9998","Dec-81","USPS (Not Roof)",2011-12-01,2016-11-30,"B","B","None Specified","N",NA,NA,"LAWRENCE M MAGDOVITZ","PO BOX 997","","","CLARKSDALE","MS","386140997",874,19500,7692,8.8,0,0,"202 E BROADWAY ST,FOSS,OK,73647-9998",731,"Foss","OK",35.45544,-99.1744,1.31807073954984
"75","73650","Oklahoma","HAMMON","MAIN OFFICE",393707001,"701 MAIN ST","HAMMON","OK","73650-9998","Nov-69","Landlord",2014-11-01,2019-10-31,"A","A","None Specified","",NA,NA,"SANDRA J CORNELL","103 POND RIDGE RD","","","CLINTON","OK","736013149",1776,7000,16800,9.46,0,0,"701 MAIN ST,HAMMON,OK,73650-9998",983,"Hammon","OK",35.646142,-99.38849,1.97807073954984
"76","73654","Oklahoma","LEEDEY","MAIN OFFICE",394774001,"515 S MAIN ST","LEEDEY","OK","73654-9998","Jan-61","Landlord",2016-01-01,2020-12-31,"A","A","None Specified","",1,5,"SANDRA J CORNELL","103 POND RIDGE RD","","","CLINTON","OK","736013149",1463,7103,11592,7.92,12549,8.58,"515 S MAIN ST,LEEDEY,OK,73654-9998",911,"Leedey","OK",35.837115,-99.36845,0.438070739549839
"77","73655","Oklahoma","LONE WOLF","MAIN OFFICE",394972001,"1024 MAIN ST","LONE WOLF","OK","73655-9998","Jun-53","Landlord",2013-06-01,2018-05-31,"P","P","","",NA,NA,"JLH FAMILY TRUST","JEFFREY L HILST TTEE","LYNN M HILST TTEE","4527 E 91ST ST","TULSA","OK","741372810",1466,1466,10262,7,0,0,"1024 MAIN ST,LONE WOLF,OK,73655-9998",708,"Lone Wolf","OK",35.006152,-99.24851,-0.481929260450161
"78","73660","Oklahoma","REYDON","MAIN OFFICE",396941002,"202 2ND AVE","REYDON","OK","73660-9998","Oct-91","USPS (Not Roof)",2011-11-01,2016-10-31,"A","A","None Specified","N",2,10,"POSTAL BLDG & LEASE CO","24 HUNTLEIGH WOODS","","","SAINT LOUIS","MO","631314813",1067,15000,8256,7.74,10884,10.2,"202 2ND AVE,REYDON,OK,73660-9998",357,"Reydon","OK",35.610122,-99.91743,0.258070739549839
"79","73661","Oklahoma","ROCKY","MAIN OFFICE",397018001,"313 MAIN ST","ROCKY","OK","73661-9998","Oct-60","Landlord",2013-10-01,2018-09-30,"P","P","None Specified","",1,5,"JAYNE UNDERWOOD","PO BOX 3794","","","EDMOND","OK","730833794",1310,7000,7210,5.5,7828,5.98,"313 MAIN ST,ROCKY,OK,73661-9998",467,"Rocky","OK",35.167368,-99.0517,-1.98192926045016
"80","73663","Oklahoma","SEILING","MAIN OFFICE",397348002,"209 N WALNUT ST","SEILING","OK","73663-9998","Dec-83","USPS",2013-12-01,2018-11-30,"A","A","Reimbursable","",NA,NA,"JOHNSON REAL ESTATE LP","PO BOX 303","","","LELAND","MS","387560303",2320,14200,18880,8.14,0,0,"209 N WALNUT ST,SEILING,OK,73663-9998",1215,"Seiling","OK",36.13196,-98.91683,0.65807073954984
"81","73664","Oklahoma","SENTINEL","MAIN OFFICE",397381001,"312 E MAIN ST","SENTINEL","OK","73664-9998","Aug-60","Landlord",2012-08-01,2017-07-31,"P","P","None Specified","",NA,NA,"RANDALL L RIDLING","& DANA B RIDLING","21562 E 1260 RD","","SENTINEL","OK","736646406",1374,3446,8820,6.42,0,0,"312 E MAIN ST,SENTINEL,OK,73664-9998",1095,"Sentinel","OK",35.167499,-99.21043,-1.06192926045016
"82","73667","Oklahoma","TALOGA","MAIN OFFICE",398074001,"112 S BROADWAY ST","TALOGA","OK","73667-9998","Jul-63","Landlord",2013-07-01,2018-06-30,"P","P","None Specified","",1,5,"GERRY G MOORE","OR GERRY G MOORE","PO BOX 67","","TALOGA","OK","736670067",1753,3378,7200,4.11,7920,4.52,"112 S BROADWAY ST,TALOGA,OK,73667-9998",562,"Taloga","OK",36.033979,-98.99491,-3.37192926045016
"83","73669","Oklahoma","THOMAS","MAIN OFFICE",398206001,"108 N MAIN ST","THOMAS","OK","73669-9998","Feb-62","Landlord",2012-02-01,2017-01-31,"P","P","None Specified","",1,5,"NATIONAL INVESTMENT PROPERTIES INC","C/O DARLENE VISSER","11004 COLVOS DR NW","","GIG HARBOR","WA","983327529",2110,7000,10560,5,11616,5.51,"108 N MAIN ST,THOMAS,OK,73669-9998",1825,"Thomas","OK",35.739994,-98.75502,-2.48192926045016
"84","73716","Oklahoma","ALINE","MAIN OFFICE",390198002,"104 N MAIN ST","ALINE","OK","73716-9998","Apr-79","Landlord",2015-09-01,2020-08-31,"P","P","None Specified","",NA,NA,"BARWICK POELSTRA LLC","PO BOX 860","","","CLINTON","NC","283290860",1019,1300,7551,7.41,0,0,"104 N MAIN ST,ALINE,OK,73716-9998",411,"Aline","OK",36.49556,-98.49057,-0.0719292604501609
"85","73718","Oklahoma","AMES","MAIN OFFICE",390275001,"108 E MARIE GAUTIER BLVD","AMES","OK","73718-9998","Mar-50","Landlord",2013-03-01,2018-02-28,"P","P","None Specified","",1,5,"VOLLIE D HARDIMAN","PO BOX 25","","","AMES","OK","737180025",1440,3363,5664,3.93,6228,4.33,"108 E MARIE GAUTIER BLVD,AMES,OK,73718-9998",622,"Ames","OK",36.224663,-98.14881,-3.55192926045016
"86","73722","Oklahoma","BURLINGTON","MAIN OFFICE",391210001,"513 MAIN ST","BURLINGTON","OK","73722-9998","Feb-70","USPS (Not Roof)",2015-02-01,2020-01-31,"B","B","Reimbursable","",1,5,"VELTA MAE MC KINNEY","VELTA M MC KINNEY TRUST","9709 N HIWASSEE RD","","JONES","OK","730497411",1056,7000,5400,5.11,6000,5.68,"513 MAIN ST,BURLINGTON,OK,73722-9998",554,"Burlington","OK",36.920802,-98.38429,-2.37192926045016
"87","73724","Oklahoma","CANTON","MAIN OFFICE",391397001,"202 W MAIN ST","CANTON","OK","73724-9998","Dec-57","USPS (Not Roof)",2012-12-01,2017-11-30,"A","A","Reimbursable","",NA,NA,"ROBERT CARTER","PO BOX 6864","","","TYLER","TX","757116864",1619,3805,12000,7.41,13800,8.52,"202 W MAIN ST,CANTON,OK,73724-9998",1092,"Canton","OK",36.06141,-98.64291,-0.0719292604501609
"88","73729","Oklahoma","CLEO SPRINGS","MAIN OFFICE",391826001,"123 N SQUARE ST","CLEO SPRINGS","OK","73729-9998","May-75","Landlord",2015-05-01,2020-04-30,"B","B","","",NA,NA,"GARRETT AND WILSON LLC","PO BOX 475","","","BARTLESVILLE","OK","740050475",1067,12500,8159,7.65,0,0,"123 N SQUARE ST,CLEO SPRINGS,OK,73729-9998",590,"Cleo Springs","OK",36.404703,-98.43861,0.168070739549839
"89","73730","Oklahoma","COVINGTON","MAIN OFFICE",392134001,"316 W MAIN ST","COVINGTON","OK","73730-9998","Jan-62","Landlord",2012-01-16,2017-01-15,"P","P","None Specified","",NA,NA,"CHARLES LIEBERT TRUST PO LLC","C/O WILLOW LIEBERT","PO BOX 45086","","PHOENIX","AZ","850645086",1573,6930,7612,4.84,0,0,"316 W MAIN ST,COVINGTON,OK,73730-9998",773,"Covington","OK",36.311257,-97.5597,-2.64192926045016
"90","73734","Oklahoma","DOVER","MAIN OFFICE",392541001,"120 N CHISHOLM TRL","DOVER","OK","73734-9998","Oct-60","Landlord",2013-10-01,2018-09-30,"A","A","Reimbursable","",NA,NA,"NATIONWIDE REAL ESTATE INC","100 N LASALLE ST STE 1111","","","CHICAGO","IL","606023537",1314,7355,7992,6.08,0,0,"120 N CHISHOLM TRL,DOVER,OK,73734-9998",912,"Dover","OK",35.978156,-97.8868,-1.40192926045016
"91","73735","Oklahoma","DRUMMOND","MAIN OFFICE",392574002,"319 N MAIN ST","DRUMMOND","OK","73735-9998","Apr-86","USPS",2016-04-01,2021-03-31,"A","A","Reimbursable","",1,5,"DAVID O BURFORD","PO BOX 121","","","DRUMMOND","OK","737350121",1400,20050,13068,9.33,14375,10.27,"319 N MAIN ST,DRUMMOND,OK,73735-9998",618,"Drummond","OK",36.285664,-98.04193,1.84807073954984
"92","73738","Oklahoma","GARBER","MAIN OFFICE",393311001,"104 MAIN ST","GARBER","OK","73738-9998","Aug-77","Landlord",2014-08-01,2019-07-31,"B","B","Reimbursable","",NA,NA,"JHCH PROPERTIES LLC","4527 E 91ST ST","","","TULSA","OK","741372810",1856,17250,16555,8.92,0,0,"104 MAIN ST,GARBER,OK,73738-9998",1202,"Garber","OK",36.455282,-97.55974,1.43807073954984
"93","73741","Oklahoma","HELENA","MAIN OFFICE",393905001,"212 N MAIN ST","HELENA","OK","73741-9998","Aug-62","Landlord",2015-09-01,2020-08-31,"P","P","None Specified","",1,5,"CHERYL D. PETTUS","BOX 41","","","HELENA","OK","737410041",1577,3516,5016,3.18,5520,3.5,"212 N MAIN ST,HELENA,OK,73741-9998",1759,"Helena","OK",36.557263,-98.27451,-4.30192926045016
"94","73742","Oklahoma","HENNESSEY","MAIN OFFICE",393938001,"221 S MAIN ST","HENNESSEY","OK","73742-9998","Mar-61","Landlord",2013-03-05,2018-03-04,"P","P","Reimbursable","N",NA,NA,"H CUBE LLC","PO BOX 3715","","","ENID","OK","737023715",3021,8572,15199,5.03,0,0,"221 S MAIN ST,HENNESSEY,OK,73742-9998",4387,"Hennessey","OK",36.105884,-97.88304,-2.45192926045016
"95","73749","Oklahoma","JET","MAIN OFFICE",394345001,"418 MAIN ST","JET","OK","73749-9998","Oct-57","Landlord",2013-10-01,2018-09-30,"P","P","None Specified","",NA,NA,"DENNIS MAST AND/OR","RHONDA MAST","RT 1 BOX 110AA","","CHEROKEE","OK","737289734",1100,3540,6019,5.47,0,0,"418 MAIN ST,JET,OK,73749-9998",414,"Jet","OK",36.702485,-98.1728,-2.01192926045016
"96","73753","Oklahoma","KREMLIN","MAIN OFFICE",394642003,"3415 E KEOWEE RD","KREMLIN","OK","73753-9998","Dec-81","Landlord",2011-12-01,2016-11-30,"B","B","Reimbursable","",1,5,"VELTA MAE MC KINNEY","VELTA M MC KINNEY TRUST","9709 N HIWASSEE RD","","JONES","OK","730497411",1905,21000,14520,7.62,15246,8,"3415 E KEOWEE RD,KREMLIN,OK,73753-9998",552,"Kremlin","OK",36.56225,-97.83368,0.138070739549839
"97","73754","Oklahoma","LAHOMA","MAIN OFFICE",394653001,"535 MAIN ST","LAHOMA","OK","73754-9998","Dec-66","Landlord",2013-12-01,2018-11-30,"B","B","None Specified","",NA,NA,"THE LEVIN GROUP LLC","RONALD E LEVIN","970 TILLSON DR","","ZIONSVILLE","IN","460779330",836,4786,4514,5.4,0,0,"535 MAIN ST,LAHOMA,OK,73754-9998",1184,"Lahoma","OK",36.389599,-98.09063,-2.08192926045016
"98","73755","Oklahoma","LONGDALE","MAIN OFFICE",394983003,"501 KEN MILLER BLVD","LONGDALE","OK","73755-9998","Jun-90","USPS (Not Roof)",2015-06-01,2020-05-31,"A","A","None Specified","N",NA,NA,"LCRP INVESTORS","74 DANA RD","","","BUFFALO","NY","142163513",1067,21000,8700,8.15,0,0,"501 KEN MILLER BLVD,LONGDALE,OK,73755-9998",741,"Longdale","OK",36.14001,-98.57918,0.668070739549839
"99","73760","Oklahoma","MENO","MAIN OFFICE",395445001,"123 E HIGHWAY 60","MENO","OK","73760-9998","Jul-69","Landlord",2013-08-01,2018-07-31,"P","P","None Specified","",1,5,"DOROTHY P ALBIN","711 COUNTY RD 80","","","UTICA","KS","675848800",864,6539,5880,6.81,5880,6.81,"123 E HIGHWAY 60,MENO,OK,73760-9998",534,"Meno","OK",36.371779,-98.16808,-0.671929260450161
"100","73761","Oklahoma","NASH","MAIN OFFICE",395786001,"1480 MAIN ST","NASH","OK","73761-9998","Jul-61","Landlord",2013-07-01,2018-06-30,"A","A","None Specified","",NA,NA,"DENNIS MAST AND/OR","RHONDA MAST","RT 1 BOX 110AA","","CHEROKEE","OK","737289734",1174,3735,6621,5.64,0,0,"1480 MAIN ST,NASH,OK,73761-9998",436,"Nash","OK",36.685205,-98.03095,-1.84192926045016
"101","73763","Oklahoma","OKEENE","MAIN OFFICE",396105001,"201 N 5TH ST","OKEENE","OK","73763-9998","Aug-61","Landlord",2013-08-07,2018-08-06,"F","A","None Specified","",NA,NA,"GENE P GOFORTH","AND/OR JUANITA GOFORTH","PO BOX 208","","OKEENE","OK","737630208",2760,7060,11040,4,0,0,"201 N 5TH ST,OKEENE,OK,73763-9998",1461,"Okeene","OK",36.116401,-98.33352,-3.48192926045016
"102","73766","Oklahoma","POND CREEK","MAIN OFFICE",396622001,"104 W BROADWAY ST","POND CREEK","OK","73766-9998","May-64","Landlord",2008-05-20,2018-05-19,"P","P","Percentage","",NA,NA,"LAWRENCE M MAGDOVITZ","PO BOX 997","","","CLARKSDALE","MS","386140997",2287,3637,17500,7.65,0,0,"104 W BROADWAY ST,POND CREEK,OK,73766-9998",1228,"Pond Creek","OK",36.662715,-97.83063,0.168070739549839
"103","73768","Oklahoma","RINGWOOD","MAIN OFFICE",396985002,"124 S MAIN ST","RINGWOOD","OK","73768-9998","Sep-78","Landlord",2013-09-01,2018-08-31,"B","B","None Specified","",NA,NA,"G&M MOSS LIMITED PTN","DBA G&M MOSS LIMITED PIN","PO BOX 1387","","SARASOTA","FL","342301387",1067,6499,7980,7.48,0,0,"124 S MAIN ST,RINGWOOD,OK,73768-9998",1485,"Ringwood","OK",36.383753,-98.27411,-0.00192926045016062
"104","73771","Oklahoma","WAKITA","MAIN OFFICE",398679001,"1742 MAIN ST","WAKITA","OK","73771-5080","Aug-60","Landlord",2014-08-10,2019-08-09,"P","P","None Specified","N",NA,NA,"RICHARD E HAYES","AND/OR MARJORIE B HAYES","116 E FOX BRIER","","ROSE HILL","KS","671339315",1317,6771,6600,5.01,0,0,"1742 MAIN ST,WAKITA,OK,73771-5080",483,"Wakita","OK",36.844573,-97.962,-2.47192926045016
"105","73773","Oklahoma","WAUKOMIS","MAIN OFFICE",398833002,"504 E EUCLID AVE","WAUKOMIS","OK","73773-9998","Aug-80","Landlord",2015-08-01,2020-07-31,"B","B","Reimbursable","",NA,NA,"JAMES P HARGROVE","PO BOX 69","","","EDMOND","OK","730830069",1856,19616,17280,9.31,0,0,"504 E EUCLID AVE,WAUKOMIS,OK,73773-9998",1768,"Waukomis","OK",36.273144,-97.90335,1.82807073954984
"106","73832","Oklahoma","ARNETT","MAIN OFFICE",390385001,"109 S WASHINGTON","ARNETT","OK","73832-9998","Dec-61","Landlord",2011-12-08,2016-12-07,"P","P","None Specified","",1,5,"JOCELYN H GRAY AND","JOCELYN GRAY TRUSTEE","1109 KINGSTON AVE","","BELLEVUE","NE","680052906",2124,7000,9348,4.4,10284,4.84,"109 S WASHINGTON,ARNETT,OK,73832-9998",963,"Arnett","OK",36.122573,-99.712,-3.08192926045016
"107","73835","Oklahoma","CAMARGO","MAIN OFFICE",391353002,"200 S BROADWAY ST","CAMARGO","OK","73835-9998","Oct-97","Landlord",2012-10-07,2017-10-06,"P","P","Reimbursable","Y",2,10,"FDI POSTAL PROPERTIES II INC","PO BOX 659","","","MOUNT AIRY","MD","217710659",1456,42000,17060,11.72,21486,14.76,"200 S BROADWAY ST,CAMARGO,OK,73835-9998",363,"Camargo","OK",35.986173,-99.23866,4.23807073954984
"108","73838","Oklahoma","CHESTER","MAIN OFFICE",391683001,"135 S HIGHWAY 281","CHESTER","OK","73838-9998","Mar-52","Landlord",2013-12-01,2018-11-30,"A","A","None Specified","",1,NA,"DICK HEINS","FOR DIETRICH T HEINS TRUST","4917 W 162ND ST","","STILWELL","KS","660857810",760,803,6200,8.16,0,0,"135 S HIGHWAY 281,CHESTER,OK,73838-9998",537,"Chester","OK",36.253795,-98.89818,0.678070739549839
"109","73840","Oklahoma","FARGO","MAIN OFFICE",392981002,"218 S MAIN ST","FARGO","OK","73840-9998","Jun-83","USPS (Not Roof)",2013-08-01,2018-07-31,"A","A","Reimbursable","",NA,NA,"JOHNSON REAL ESTATE LP","PO BOX 303","","","LELAND","MS","387560303",1856,10500,16700,9,0,0,"218 S MAIN ST,FARGO,OK,73840-9998",713,"Fargo","OK",36.403804,-99.64674,1.51807073954984
"110","73841","Oklahoma","FT SUPPLY","MAIN OFFICE",393190001,"229 BROADWAY ST","FORT SUPPLY","OK","73841-9998","Jan-61","Landlord",2016-01-01,2020-12-31,"P","P","None Specified","",1,5,"ROBERT K JAMISON AND/OR","PATRICIA A JAMISON","324 NW 146TH CT","","EDMUND","OK","730132447",1215,3390,6384,5.25,7020,5.78,"229 BROADWAY ST,FORT SUPPLY,OK,73841-9998",1246,"Fort Supply","OK",36.557966,-99.57425,-2.23192926045016
"111","73842","Oklahoma","FREEDOM","MAIN OFFICE",393278001,"1055 MAIN ST","FREEDOM","OK","73842-9998","Sep-60","USPS (Not Roof)",2012-02-01,2017-01-31,"P","P","None Specified","",1,5,"FREEDOM STATE BANK","PO BOX 125","","","FREEDOM","OK","738420125",1115,4894,4937,4.43,5430,4.87,"1055 MAIN ST,FREEDOM,OK,73842-9998",443,"Freedom","OK",36.803902,-99.18304,-3.05192926045016
"112","73852","Oklahoma","MOORELAND","MAIN OFFICE",395610001,"302 S MAIN ST","MOORELAND","OK","73852-9998","Jan-61","USPS",2016-01-01,2020-12-31,"A","A","None Specified","",NA,NA,"FRANKLIN G STECHER DECEASED","OR STEVEN A STECHER","401 S BOSTON AVE STE 1100","","TULSA","OK","741034028",1916,5663,9348,4.88,0,0,"302 S MAIN ST,MOORELAND,OK,73852-9998",2129,"Mooreland","OK",36.456875,-99.13004,-2.60192926045016
"113","73857","Oklahoma","SHARON","MAIN OFFICE",397425002,"114 N MAIN ST","SHARON","OK","73857-9998","May-83","USPS",2013-05-01,2018-04-30,"B","B","Reimbursable","",1,5,"COHARIE INC","PO BOX 860","","","CLINTON","NC","283280860",1400,13300,14000,10,15120,10.8,"114 N MAIN ST,SHARON,OK,73857-9998",573,"Sharon","OK",36.283175,-99.32679,2.51807073954984
"114","73858","Oklahoma","SHATTUCK","MAIN OFFICE",397436001,"507 S MAIN ST","SHATTUCK","OK","73858-9998","Feb-62","Landlord",2012-02-01,2017-01-31,"P","P","None Specified","",1,5,"LAWRENCE M MAGDOVITZ","PO BOX 997","","","CLARKSDALE","MS","386140997",2613,10500,16800,6.43,19500,7.46,"507 S MAIN ST,SHATTUCK,OK,73858-9998",1590,"Shattuck","OK",36.226355,-99.89028,-1.05192926045016
"115","73860","Oklahoma","WAYNOKA","MAIN OFFICE",398866001,"1620 SANTA FE ST","WAYNOKA","OK","73860-9998","Jan-62","Landlord",2012-01-01,2016-12-31,"P","P","None Specified","Y",NA,NA,"JHCH PROPERTIES LLC","4527 E 91ST ST","","","TULSA","OK","741372810",2629,7179,14460,5.5,28262,10.75,"1620 SANTA FE ST,WAYNOKA,OK,73860-9998",1427,"Waynoka","OK",36.56306,-98.86623,-1.98192926045016
"116","73931","Ft Worth","BALKO","MAIN OFFICE",390506001,"1 HIGHWAY 83","BALKO","OK","73931-9500","Apr-64","USPS",2014-04-01,2019-03-31,"A","A","Reimbursable","",1,5,"LAWRENCE M MAGDOVITZ","PO BOX 997","","","CLARKSDALE","MS","386140997",1624,5624,13400,8.25,14300,8.81,"1 HIGHWAY 83,BALKO,OK,73931-9500",698,"Balko","OK",36.601946,-100.76553,0.768070739549839
"117","73933","Ft Worth","BOISE CITY","MAIN OFFICE",390891002,"210 N CIMARRON","BOISE CITY","OK","73933-9800","Feb-91","USPS (Not Roof)",2016-02-01,2021-01-31,"A","A","None Specified","N",NA,NA,"MALOY PROPERTIES LLC","928 GLENLAKE DRIVE","","","EDMOND","OK","730131812",2320,15525,17459,7.53,0,0,"210 N CIMARRON,BOISE CITY,OK,73933-9800",1650,"Boise City","OK",36.740652,-102.54473,0.0480707395498392
"118","73938","Ft Worth","FORGAN","MAIN OFFICE",393157001,"115 S BROADWAY ST","FORGAN","OK","73938-9800","Apr-75","Landlord",2015-05-01,2020-04-30,"A","A","None Specified","",NA,NA,"GARRETT AND WILSON LLC","PO BOX 475","","","BARTLESVILLE","OK","740050475",1067,13300,8165,7.65,0,0,"115 S BROADWAY ST,FORGAN,OK,73938-9800",808,"Forgan","OK",36.914169,-100.61244,0.168070739549839
"119","73939","Ft Worth","GOODWELL","MAIN OFFICE",393465002,"105 S MAIN ST","GOODWELL","OK","73939-9800","Oct-92","USPS (Not Roof)",2012-10-30,2017-10-29,"A","A","Reimbursable","Y",1,5,"C DIAN SILL","14005 N EASTERN AVE","","","EDMOND","OK","730135586",1856,18750,13720,7.39,0,0,"105 S MAIN ST,GOODWELL,OK,73939-9800",1578,"Goodwell","OK",36.691413,-101.738,-0.0919292604501614
"120","73944","Ft Worth","HARDESTY","MAIN OFFICE",393751001,"107 S BROADWAY ST","HARDESTY","OK","73944-9800","Oct-50","USPS (Not Roof)",2012-10-01,2017-09-30,"A","A","Reimbursable","",1,5,"BRET BOWERS","NORA BOWERS","PO BOX 598","","ADAMS","OK","739010598",1141,6106,5025,4.4,5400,4.73,"107 S BROADWAY ST,HARDESTY,OK,73944-9800",490,"Hardesty","OK",36.605467,-101.1204,-3.08192926045016
"121","73950","Ft Worth","TURPIN","MAIN OFFICE",398393002,"419 MAIN ST","TURPIN","OK","73950-9803","Dec-79","Landlord",2014-12-01,2019-11-30,"A","A","None Specified","",1,5,"LOIS CORNING FAMILY LLC","CHARLES W CORNING MBR","6520 Y ST","","LINCOLN","NE","685052267",1067,15000,9060,8.49,11880,11.13,"419 MAIN ST,TURPIN,OK,73950-9803",1746,"Turpin","OK",36.852475,-100.89584,1.00807073954984
"122","73951","Ft Worth","TYRONE","MAIN OFFICE",398470001,"104 W MAIN ST","TYRONE","OK","73951-9802","May-70","USPS (Not Roof)",2015-05-01,2020-04-30,"A","A","Reimbursable","",NA,NA,"JODIE L GRAY","24120 HUNTRIDGE DR","","","MURRIETA","CA","925622212",1248,6823,6648,5.33,0,0,"104 W MAIN ST,TYRONE,OK,73951-9802",1034,"Tyrone","OK",36.95279,-101.06337,-2.15192926045016
"123","74002","Oklahoma","BARNSDALL","MAIN OFFICE",390539001,"520 W MAIN ST","BARNSDALL","OK","74002-9998","Nov-63","USPS (Not Roof)",2013-11-01,2018-10-31,"P","P","None Specified","",1,5,"DOROTHY CRIBBET","PO BOX 59","","","BARNSDALL","OK","740020059",3503,10469,13002,3.71,13392,3.82,"520 W MAIN ST,BARNSDALL,OK,74002-9998",2437,"Barnsdall","OK",36.549109,-96.146,-3.77192926045016
"124","74022","Oklahoma","COPAN","MAIN OFFICE",392057002,"207 S CANEY ST","COPAN","OK","74022-9800","Dec-77","Landlord",2013-01-01,2017-12-31,"B","B","None Specified","",1,5,"RUBY J M LAMBERT","DBA R & J LAMBERT PROPERTIES LLC","PO BOX 25","","TRENTON","TX","754900025",1400,8239,11202,8,12324,8.8,"207 S CANEY ST,COPAN,OK,74022-9800",1920,"Copan","OK",36.909076,-95.96577,0.518070739549839
"125","74026","Oklahoma","DAVENPORT","MAIN OFFICE",392343002,"313 BROADWAY ST","DAVENPORT","OK","74026-9998","Aug-84","USPS (Not Roof)",2014-08-01,2019-07-31,"A","A","Reimbursable","",1,5,"HOOVER HOOVER HOOVER","3814 HILLSIDE DR","","","SAPULPA","OK","740668943",1400,15625,14352,10.25,14400,10.29,"313 BROADWAY ST,DAVENPORT,OK,74026-9998",1220,"Davenport","OK",35.710256,-96.76333,2.76807073954984
"126","74027","Oklahoma","DELAWARE","MAIN OFFICE",392398002,"117 ELEVATOR","DELAWARE","OK","74027-9998","Oct-84","USPS",2014-09-01,2019-08-31,"A","A","Reimbursable","",1,5,"A C & FLORINE TAYLOR LVG TRUST","RICHARD E SMITH TTEE","334 RIGG ST","","SANTA CRUZ","CA","950603541",1034,14000,9926,9.6,10443,10.1,"117 ELEVATOR,DELAWARE,OK,74027-9998",878,"Delaware","OK",36.793303,-95.63631,2.11807073954984
"127","74028","Oklahoma","DEPEW","MAIN OFFICE",392431001,"316 W MAIN ST","DEPEW","OK","74028-9998","May-61","Landlord",2014-05-01,2019-04-30,"A","A","Reimbursable","",NA,NA,"NATIONWIDE REAL ESTATE INC","100 N LASALLE ST STE 1111","","","CHICAGO","IL","606023537",1511,6142,11868,7.85,0,0,"316 W MAIN ST,DEPEW,OK,74028-9998",1676,"Depew","OK",35.805114,-96.53926,0.368070739549839
"128","74032","Oklahoma","GLENCOE","MAIN OFFICE",393399001,"313 W MAIN ST","GLENCOE","OK","74032-9998","Jun-32","Landlord",2013-06-01,2018-05-31,"P","P","None Specified","",NA,NA,"JHCH PROPERTIES LLC","4527 E 91ST ST","","","TULSA","OK","741372810",1432,3432,9660,6.75,0,0,"313 W MAIN ST,GLENCOE,OK,74032-9998",2135,"Glencoe","OK",36.214419,-96.91672,-0.731929260450161
"129","74038","Oklahoma","JENNINGS","MAIN OFFICE",394334002,"718 N MAIN ST","JENNINGS","OK","74038-9998","May-87","USPS",2012-05-01,2017-04-30,"A","A","Reimbursable","N",NA,NA,"RUSSELL LAMBERT JR","PO BOX 11","","","TRENTON","TX","754900011",1856,20909,15660,8.44,18190,9.8,"718 N MAIN ST,JENNINGS,OK,74038-9998",2162,"Jennings","OK",36.164934,-96.56083,0.958070739549838
"130","74042","Oklahoma","LENAPAH","MAIN OFFICE",394818002,"500 SHAWNEE","LENAPAH","OK","74042-9998","Mar-78","Landlord",2013-03-01,2018-02-28,"B","B","Reimbursable","",NA,NA,"JAVCO MORTGAGE INC","11004 COLVOS DR NW","","","GIG HARBOR","WA","983327529",1067,21000,8544,8.01,0,0,"500 SHAWNEE,LENAPAH,OK,74042-9998",736,"Lenapah","OK",36.857305,-95.61423,0.528070739549839
"131","74045","Oklahoma","MARAMEC","MAIN OFFICE",395247002,"420 2ND ST","MARAMEC","OK","74045-9998","Nov-85","USPS",2015-11-01,2020-10-31,"A","A","Reimbursable","",1,5,"RICHARD B FANKHAUSER LLC","PO BOX 579","","","GARDEN CITY","KS","678460579",1400,17500,14527,10.38,15253,10.9,"420 2ND ST,MARAMEC,OK,74045-9998",478,"Maramec","OK",36.241861,-96.68338,2.89807073954984
"132","74051","Oklahoma","OCHELATA","MAIN OFFICE",396050002,"300 N OCHELATA ST","OCHELATA","OK","74051-9998","Jul-84","USPS",2014-07-01,2019-06-30,"B","B","Reimbursable","",1,5,"HOOVER HOOVER HOOVER","3814 HILLSIDE DR","","","SAPULPA","OK","740668943",1856,21250,16303,8.78,17118,9.22,"300 N OCHELATA ST,OCHELATA,OK,74051-9998",2252,"Ochelata","OK",36.60234,-95.97544,1.29807073954984
"133","74052","Oklahoma","OILTON","MAIN OFFICE",396072001,"101 E MAIN ST","OILTON","OK","74052-9998","Sep-61","Landlord",2013-09-14,2018-09-13,"P","P","Reimbursable","",1,5,"RENTAL ENTERPRISE LLC","PO BOX 579","","","GARDEN CITY","KS","678460579",1604,6500,13500,8.42,14445,9.01,"101 E MAIN ST,OILTON,OK,74052-9998",1294,"Oilton","OK",36.084211,-96.5794,0.938070739549839
"134","74054","Oklahoma","OSAGE","MAIN OFFICE",396270002,"101 S BROADWAY","OSAGE","OK","74054-9998","May-87","USPS (Not Roof)",2012-05-01,2017-04-30,"A","A","None Specified","N",NA,NA,"JOHNSON REAL ESTATE LP","PO BOX 303","","","LELAND","MS","387560303",1400,8750,14343,10.25,12300,8.79,"101 S BROADWAY,OSAGE,OK,74054-9998",813,"Osage","OK",36.276739,-96.36831,2.76807073954984
"135","74059","Oklahoma","PERKINS","MAIN OFFICE",396468001,"114 W STUMBO AVE","PERKINS","OK","74059-9998","Aug-77","Landlord",2013-08-01,2018-07-31,"A","A","Reimbursable","",1,5,"HOOVER MGMT CO INC","3814 HILLSIDE DR","","","SAPULPA","OK","740668943",2320,17500,15900,6.85,16700,7.2,"114 W STUMBO AVE,PERKINS,OK,74059-9998",5023,"Perkins","OK",35.968675,-97.04258,-0.631929260450161
"136","74060","Oklahoma","PRUE","MAIN OFFICE",396721002,"101 BROADWAY","PRUE","OK","74060-9998","Dec-88","USPS (Not Roof)",1997-03-01,2022-02-28,"A","A","Reimbursable","Y",2,10,"UNITED PO INVEST INC","123 GROVE AVE STE 222","","","CEDARHURST","NY","115162302",1400,14850,10500,7.5,11200,8,"101 BROADWAY,PRUE,OK,74060-9998",690,"Prue","OK",36.24973,-96.2674,0.018070739549839
"137","74062","Oklahoma","RIPLEY","MAIN OFFICE",396996002,"107 E MAIN ST","RIPLEY","OK","74062-9998","Jul-85","USPS",2015-07-01,2020-06-30,"A","A","Reimbursable","",1,5,"MAX ARN","& URSULA ARN","C/O POELSTRA PROPERTIES","1011 BRIOSO DR STE 201","COSTA MESA","CA","926274543",1856,18125,16926,9.12,18624,10.03,"107 E MAIN ST,RIPLEY,OK,74062-9998",1023,"Ripley","OK",36.024668,-96.90773,1.63807073954984
"138","74072","Oklahoma","SOUTH COFFEYVILLE","MAIN OFFICE",397634002,"501 WILLOW ST","S COFFEYVILLE","OK","74072-9800","Jul-87","USPS (Not Roof)",2012-07-01,2017-06-30,"A","A","None Specified","N",NA,NA,"MARGIE M JURGENSMEYER","1920 7TH AVE NE","","","MIAMI","OK","743549300",2320,28000,19091,8.23,20618,8.89,"501 WILLOW ST,S COFFEYVILLE,OK,74072-9800",1824,"S Coffeyville","OK",36.957786,-95.57108,0.748070739549839
"139","74073","Oklahoma","SPERRY","MAIN OFFICE",397711002,"117 N CINCINNATI AVE","SPERRY","OK","74073-9998","Nov-75","Landlord",2014-12-01,2019-11-30,"P","P","None Specified","",1,5,"HOOVER  & HOOVER CONSTRUCTION","3814 HILLSIDE DR","","","SAPULPA","OK","740668943",1856,34500,19143,10.31,20101,10.83,"117 N CINCINNATI AVE,SPERRY,OK,74073-9998",5825,"Sperry","OK",36.306323,-96.02081,2.82807073954984
"140","74080","Oklahoma","TALALA","MAIN OFFICE",398041002,"112 N PINE ST","TALALA","OK","74080-9998","Oct-88","USPS (Not Roof)",2013-10-01,2018-09-30,"A","A","None Specified","N",NA,NA,"J.C. MANAGEMENT LLC","1401 S BOULDER AVE STE 200","","","TULSA","OK","741193649",1856,15400,16008,8.63,0,0,"112 N PINE ST,TALALA,OK,74080-9998",2742,"Talala","OK",36.527631,-95.6992,1.14807073954984
"141","74081","Oklahoma","TERLTON","MPO",398151002,"104 E MAIN ST","TERLTON","OK","74081-9998","Mar-08","USPS (Not Roof)",2008-04-01,2018-03-31,"A","A","None Specified","",4,20,"VALLEY REALTY CO","PO BOX 997","","","CLARKSDALE","MS","386140997",1008,21000,4836,4.8,5808,5.76,"104 E MAIN ST,TERLTON,OK,74081-9998",1717,"Terlton","OK",36.169806,-96.44005,-2.68192926045016
"142","74083","Oklahoma","WANN","MAIN OFFICE",398712002,"110 W MAIN ST","WANN","OK","74083-9998","Jun-84","USPS",2014-06-01,2019-05-31,"A","A","Reimbursable","",1,5,"JOHNSON FAMILY TRUST II","WILMA J WILBANKS","537 ROBINSON DRIVE","","CLEVELAND","MS","387322213",1400,17500,12600,9,13230,9.45,"110 W MAIN ST,WANN,OK,74083-9998",1132,"Wann","OK",36.935821,-95.78336,1.51807073954984
"143","74084","Oklahoma","WYNONA","MAIN OFFICE",399229002,"202 W 4TH ST","WYNONA","OK","74084-9998","Nov-83","USPS",2013-11-01,2018-10-31,"A","A","Reimbursable","",1,5,"DARIN GRAY","23901 SUSANA WAY","","","MURRIETA","CA","925625202",2406,17500,13200,5.49,14124,5.87,"202 W 4TH ST,WYNONA,OK,74084-9998",576,"Wynona","OK",36.542944,-96.31853,-1.99192926045016
"144","74085","Oklahoma","YALE","MAIN OFFICE",399240002,"209 W BROADWAY AVE","YALE","OK","74085-9998","Nov-93","USPS",2013-11-15,2018-11-14,"P","A","Reimbursable","Y",1,5,"LAWRENCE M MAGDOVITZ","ROBERT H CARTER","PO BOX 997","","CLARKSDALE","MS","386140997",1856,22500,13140,7.08,0,0,"209 W BROADWAY AVE,YALE,OK,74085-9998",2300,"Yale","OK",36.10865,-96.70231,-0.401929260450161
"145","74332","Oklahoma","BIG CABIN","MAIN OFFICE",390715001,"104 W MAIN ST","BIG CABIN","OK","74332-9998","Oct-68","Landlord",2014-10-01,2019-09-30,"A","A","None Specified","",NA,NA,"CARTER FARMS, LLC","PO BOX 6864","","","TYLER","TX","757116864",864,7536,5400,6.25,0,0,"104 W MAIN ST,BIG CABIN,OK,74332-9998",1680,"Big Cabin","OK",36.51509,-95.22924,-1.23192926045016
"146","74333","Oklahoma","BLUEJACKET","MAIN OFFICE",390869001,"210 E MAIN ST","BLUEJACKET","OK","74333-9998","Mar-76","Landlord",2016-03-01,2021-02-28,"B","B","Reimbursable","",NA,NA,"NATIONWIDE POSTAL MANAGEMENT","J LEONARD SPODEK","123 GROVE AVE STE 222","","CEDARHURST","NY","115162302",1067,11576,9600,9,0,0,"210 E MAIN ST,BLUEJACKET,OK,74333-9998",1214,"Bluejacket","OK",36.802232,-95.07782,1.51807073954984
"147","74342","Oklahoma","EUCHA","MAIN OFFICE",392871001,"101 MAIN ST","EUCHA","OK","74342-9800","Apr-66","Landlord",2013-04-01,2018-03-31,"P","P","None Specified","",NA,NA,"JOHNIE LEE CHRISTIAN","PO BOX 96","","","EUCHA","OK","743420096",545,10545,3600,6.61,0,0,"101 MAIN ST,EUCHA,OK,74342-9800",2532,"Eucha","OK",36.420495,-94.92621,-0.871929260450161
"148","74343","Oklahoma","FAIRLAND","MAIN OFFICE",392915002,"121 N OLIVER ST","FAIRLAND","OK","74343-9800","May-87","USPS (Not Roof)",2012-05-01,2017-04-30,"A","A","None Specified","N",NA,NA,"AILEEN MAYFIELD REV TRUST","1601 S FORT AVE APT 235","","","SPRINGFIELD","MO","658078405",2320,21000,17400,7.5,18270,7.88,"121 N OLIVER ST,FAIRLAND,OK,74343-9800",2921,"Fairland","OK",36.747928,-94.84022,0.018070739549839
"149","74350","Oklahoma","LANGLEY","MAIN OFFICE",394708002,"213 S 3RD ST","LANGLEY","OK","74350-9998","Feb-84","USPS (Not Roof)",1997-03-01,2022-02-28,"B","B","Reimbursable","Y",2,10,"UNITED PO INVEST INC","123 GROVE AVE STE 222","","","CEDARHURST","NY","115162302",2520,19250,18900,7.5,20160,8,"213 S 3RD ST,LANGLEY,OK,74350-9998",807,"Langley","OK",36.46898,-95.04967,0.018070739549839
"150","74359","Oklahoma","OAKS","MAIN OFFICE",396028002,"377 W MAIN","OAKS","OK","74359-9998","Dec-87","USPS (Not Roof)",2014-12-01,2019-11-30,"A","A","None Specified","N",NA,NA,"JUDITH ANN WHITE","9016 SOUTH 48TH WEST AVE","","","TULSA","OK","741323413",1400,14981,11200,8,0,0,"377 W MAIN,OAKS,OK,74359-9998",730,"Oaks","OK",36.415938,-94.787091,0.518070739549839
"151","74363","Oklahoma","QUAPAW","MAIN OFFICE",396765002,"601 MAIN ST","QUAPAW","OK","74363-9800","Jun-92","USPS",2012-06-01,2017-05-31,"A","A","None Specified","Y",1,5,"FDI POSTAL PROPERTIES II INC","PO BOX 659","","","MOUNT AIRY","MD","217710659",2320,40500,19140,8.25,17280,7.45,"601 MAIN ST,QUAPAW,OK,74363-9800",2862,"Quapaw","OK",36.947372,-94.72912,0.768070739549839
"152","74364","Oklahoma","ROSE","MAIN OFFICE",397062004,"5904 S 448 RD","ROSE","OK","74364-9800","Sep-91","USPS (Not Roof)",2011-09-01,2016-08-31,"A","A","Reimbursable","N",1,5,"SMITH COZART FAMILY","PROPERTIES LLC","300 SKILES HEIGHTS","","THOMASVILLE","NC","273605140",1400,33180,11385,8.13,12490,8.92,"5904 S 448 RD,ROSE,OK,74364-9800",1809,"Rose","OK",36.197948,-94.96707,0.64807073954984
"153","74366","Oklahoma","SPAVINAW","MAIN OFFICE",397667002,"125 N MAIN ST","SPAVINAW","OK","74366-9800","Apr-88","USPS",1997-03-01,2022-02-28,"A","A","Reimbursable","Y",NA,NA,"UNITED PO INVEST INC","123 GROVE AVE STE 222","","","CEDARHURST","NY","115162302",1856,21000,13920,7.5,0,0,"125 N MAIN ST,SPAVINAW,OK,74366-9800",1567,"Spavinaw","OK",36.394258,-95.04869,0.018070739549839
"154","74367","Oklahoma","STRANG","MAIN OFFICE",397854001,"104 E BROADWAY","STRANG","OK","74367-9800","Aug-77","Landlord",2013-08-27,2018-08-26,"E","E","","",1,5,"BRADSHAW TRUST","DIGHTON M BRADSHAW AND","OR MARTHA M BRADSHAW","PO BOX 3704","ORANGE","CA","928570704",425,14786,2575,6.06,2833,6.67,"104 E BROADWAY,STRANG,OK,74367-9800",488,"Strang","OK",36.412084,-95.12924,-1.42192926045016
"155","74369","Oklahoma","WELCH","MAIN OFFICE",398921001,"322 S COMMERCIAL ST","WELCH","OK","74369-9998","Aug-64","Landlord",2008-08-01,2018-07-31,"B","B","Reimbursable","",1,5,"CORRAL CREEK LLC","PO BOX 1023","","","VAIL","CO","816581023",1179,2619,10608,9,10608,9,"322 S COMMERCIAL ST,WELCH,OK,74369-9998",1820,"Welch","OK",36.897777,-95.15249,1.51807073954984
"156","74370","Oklahoma","WYANDOTTE","MAIN OFFICE",399207001,"12 N MAIN","WYANDOTTE","OK","74370-9998","Jul-73","Landlord",2013-07-01,2018-06-30,"B","B","None Specified","N",NA,NA,"SUZANNE SCHULTE AND/OR","MICHAEL S & MATHEW B SCHULTE","12544 CONNELL","","OVERLAND PARK","KS","662131871",1392,9942,5810,4.17,0,0,"12 N MAIN,WYANDOTTE,OK,74370-9998",3923,"Wyandotte","OK",36.777702,-94.68768,-3.31192926045016
"157","74421","Oklahoma","BEGGS","MAIN OFFICE",390594001,"106 N CHOCTAW ST","BEGGS","OK","74421-9998","Mar-61","USPS (Not Roof)",2011-07-01,2016-06-30,"P","P","Reimbursable","N",NA,NA,"BETTY WHITNEY WOOD TRUSTEE","BETTY WHITNEY WOOD TRUST","1406 E 19TH ST","","CHEYENNE","WY","820014828",1872,5000,9350,4.99,10284,5.49,"106 N CHOCTAW ST,BEGGS,OK,74421-9998",4566,"Beggs","OK",35.755522,-96.04744,-2.49192926045016
"158","74425","Oklahoma","CANADIAN","MAIN OFFICE",391375001,"101 TIGNOR ST","CANADIAN","OK","74425-9998","Dec-78","Landlord",2013-12-01,2018-11-30,"P","P","Reimbursable","",NA,NA,"JHCH PROPERTIES LLC","4527 E 91ST ST","","","TULSA","OK","741372810",1125,13900,10125,9,0,0,"101 TIGNOR ST,CANADIAN,OK,74425-9998",891,"Canadian","OK",35.172538,-95.62824,1.51807073954984
"159","74427","Oklahoma","COOKSON","MAIN OFFICE",392035002,"32094 HIGHWAY 82","COOKSON","OK","74427-9998","Oct-84","USPS",2014-10-01,2019-09-30,"A","A","Reimbursable","",NA,NA,"HOOVER HOOVER HOOVER","3814 HILLSIDE DR","","","SAPULPA","OK","740668943",1400,15000,13445,9.6,0,0,"32094 HIGHWAY 82,COOKSON,OK,74427-9998",1036,"Cookson","OK",35.700818,-94.92552,2.11807073954984
"160","74428","Oklahoma","COUNCIL HILL","MAIN OFFICE",392101002,"115 S BROADWAY ST","COUNCIL HILL","OK","74428-9998","May-84","Landlord",2012-05-14,2017-05-13,"P","P","None Specified","",NA,NA,"BILLY WAYNE HAMILTON","PO BOX 90","","","BEGGS","OK","744210090",717,5481,9000,12.55,0,0,"115 S BROADWAY ST,COUNCIL HILL,OK,74428-9998",1046,"Council Hill","OK",35.550269,-95.64874,5.06807073954984
"161","74430","Oklahoma","CROWDER","MAIN OFFICE",392222001,"100 N B ST","CROWDER","OK","74430-9998","Dec-69","Landlord",2009-12-01,2019-11-30,"A","A","Reimbursable","",1,5,"THOMAS A MEIER","175 BIRCH BLVD STE A","","","SEDONA","AZ","863365635",1056,7000,8976,8.5,9876,9.35,"100 N B ST,CROWDER,OK,74430-9998",595,"Crowder","OK",35.124644,-95.66668,1.01807073954984
"162","74431","Oklahoma","DEWAR","MAIN OFFICE",392453003,"104 N BROADWAY","DEWAR","OK","74431-9998","Aug-88","USPS (Not Roof)",1997-03-01,2022-02-28,"A","A","Reimbursable","Y",2,10,"UNITED PO INVEST INC","123 GROVE AVE STE 222","","","CEDARHURST","NY","115162302",2320,19614,17400,7.5,18560,8,"104 N BROADWAY,DEWAR,OK,74431-9998",1010,"Dewar","OK",35.458946,-95.94597,0.018070739549839
"163","74437","Oklahoma","HENRYETTA","MAIN OFFICE",393949001,"201 N 5TH ST","HENRYETTA","OK","74437-9998","Nov-64","Landlord",2014-11-16,NA,"B","B","None Specified","N",NA,NA,"","","","","","","",7329,20119,0,0,0,0,"201 N 5TH ST,HENRYETTA,OK,74437-9998",10321,"Henryetta","OK",35.447961,-95.95038,-7.48192926045016
"164","74446","Oklahoma","OKAY","MAIN OFFICE",396094002,"3620 E 75TH ST N","OKAY","OK","74446-9998","Mar-91","USPS",2016-05-01,2021-04-30,"A","A","None Specified","N",NA,NA,"TOMMY E WILLIAMS","RR 1 BOX 2765","","","COUNCIL HILL","OK","744289660",1400,24000,12000,8.57,0,0,"3620 E 75TH ST N,OKAY,OK,74446-9998",608,"Okay","OK",35.852293,-95.31717,1.08807073954984
"165","74451","Oklahoma","PARK HILL","MAIN OFFICE",396369001,"21286 S KEELER DR","PARK HILL","OK","74451-9998","May-75","Landlord",2015-05-01,2020-04-30,"B","B","None Specified","N",NA,NA,"JANETTE K ROGERS","225 FOWLER RD","","","TAHLEQUAH","OK","744648820",1856,18060,12300,6.63,0,0,"21286 S KEELER DR,PARK HILL,OK,74451-9998",4479,"Park Hill","OK",35.742956,-94.96737,-0.851929260450161
"166","74454","Oklahoma","PORTER","MAIN OFFICE",396655001,"300 N MAIN ST","PORTER","OK","74454-9998","Oct-75","Landlord",2015-10-01,2020-09-30,"A","A","Reimbursable","N",NA,NA,"NATIONAL INVESTMENT PROPERTIES INC","C/O DARLENE VISSER","11004 COLVOS DR NW","","GIG HARBOR","WA","983327529",1856,17500,14400,7.76,0,0,"300 N MAIN ST,PORTER,OK,74454-9998",2826,"Porter","OK",35.867529,-95.52647,0.278070739549839
"167","74455","Oklahoma","PORUM","MAIN OFFICE",396666001,"105 SEMINOLE ST","PORUM","OK","74455-9998","Jun-76","Landlord",2013-06-01,2018-05-31,"A","A","None Specified","N",NA,NA,"RENTAL ENTERPRISE LLC","PO BOX 579","","","GARDEN CITY","KS","678460579",2400,11518,15840,6.6,18356,7.65,"105 SEMINOLE ST,PORUM,OK,74455-9998",2555,"Porum","OK",35.355394,-95.28635,-0.881929260450161
"168","74457","Oklahoma","PROCTOR","MAIN OFFICE",396710001,"100 HIGHWAY 62","PROCTOR","OK","74457-9998","Oct-80","Landlord",2012-10-04,2017-10-03,"P","P","None Specified","N",NA,NA,"W I CRAIG AND","DONNIE G CRAIG","PO BOX 218","","PROCTOR","OK","744570218",540,5940,5400,10,0,0,"100 HIGHWAY 62,PROCTOR,OK,74457-9998",575,"Proctor","OK",36.053046,-94.7768,2.51807073954984
"169","74470","Oklahoma","WEBBERS FALLS","MAIN OFFICE",398910001,"116 COMMERCIAL ST","WEBBERS FALLS","OK","74470-9998","May-62","Landlord",2014-05-16,2019-05-15,"P","P","Reimbursable","",NA,NA,"J.C. MANAGEMENT LLC","1401 S BOULDER AVE STE 200","","","TULSA","OK","741193649",1498,5444,13482,9,0,0,"116 COMMERCIAL ST,WEBBERS FALLS,OK,74470-9998",1376,"Webbers Falls","OK",35.490036,-95.15158,1.51807073954984
"170","74472","Oklahoma","WHITEFIELD","MAIN OFFICE",399042002,"201 N MAIN ST","WHITEFIELD","OK","74472-9998","Jun-88","USPS (Not Roof)",2013-07-01,2018-06-30,"A","A","None Specified","N",NA,NA,"JACK HOLDERFIELD","JUDY HOLDERFIELD","PO BOX 635","","WISTER","OK","749660635",1067,20343,9870,9.25,0,0,"201 N MAIN ST,WHITEFIELD,OK,74472-9998",547,"Whitefield","OK",35.259201,-95.24701,1.76807073954984
"171","74531","Oklahoma","CALVIN","MAIN OFFICE",391342001,"205 CANADIAN ST","CALVIN","OK","74531-9998","Jun-49","Landlord",2012-06-01,2017-05-31,"A","A","None Specified","",1,5,"CALVIN LODGE #221","AF AND AM","PO BOX 39","","CALVIN","OK","745310039",1058,1556,7406,7,8147,7.7,"205 CANADIAN ST,CALVIN,OK,74531-9998",867,"Calvin","OK",34.932628,-96.23929,-0.481929260450161
"172","74533","Oklahoma","CANEY","MAIN OFFICE",391386002,"200 W MAIN ST","CANEY","OK","74533-9998","Aug-88","USPS (Not Roof)",1997-03-01,2022-02-28,"A","A","Reimbursable","Y",2,10,"UNITED PO INVEST INC","123 GROVE AVE STE 222","","","CEDARHURST","NY","115162302",1067,12500,8002.5,7.5,8536,8,"200 W MAIN ST,CANEY,OK,74533-9998",814,"Caney","OK",34.217672,-96.19634,0.018070739549839
"173","74543","Oklahoma","FINLEY","MAIN OFFICE",393069002,"300 MAIN ST","FINLEY","OK","74543-9998","Aug-87","USPS (Not Roof)",2012-08-01,2017-07-31,"A","A","None Specified","N",NA,NA,"M&L POST OFFICES LLP","PO BOX 1387","","","SARASOTA","FL","342301387",725,9900,7224,9.96,0,0,"300 MAIN ST,FINLEY,OK,74543-9998",452,"Finley","OK",34.373618,-95.43604,2.47807073954984
"174","74552","Oklahoma","KINTA","MAIN OFFICE",394576001,"301 W BROADWAY ST","KINTA","OK","74552-9800","Aug-65","Landlord",2013-08-01,2018-07-31,"A","A","None Specified","",NA,NA,"BILLY CLEVELAND AND","JOYCE CLEVELAND","10669 W HIGHWAY 9","","STIGLER","OK","744623515",790,4428,4800,6.08,0,0,"301 W BROADWAY ST,KINTA,OK,74552-9800",1001,"Kinta","OK",35.127495,-95.23098,-1.40192926045016
"175","74553","Oklahoma","KIOWA","MAIN OFFICE",394587001,"624 S HARRISON ST","KIOWA","OK","74553-9998","Sep-70","Landlord",2015-09-01,2020-08-31,"A","A","Reimbursable","",NA,NA,"RENTAL ENTERPRISE LLC","PO BOX 579","","","GARDEN CITY","KS","678460579",1900,17513,16845,8.87,0,0,"624 S HARRISON ST,KIOWA,OK,74553-9998",1100,"Kiowa","OK",34.708098,-95.90485,1.38807073954984
"176","74555","Oklahoma","LANE","MAIN OFFICE",394697002,"1020 E HIGHWAY 3","LANE","OK","74555-9998","Sep-83","Landlord",2013-09-01,2018-08-31,"A","A","Reimbursable","",NA,NA,"LOREN CROUCH AND","ARBRA CROUCH","PO BOX 222","","LANE","OK","745550222",1400,14950,11500,8.21,0,0,"1020 E HIGHWAY 3,LANE,OK,74555-9998",735,"Lane","OK",34.249448,-95.96199,0.72807073954984
"177","74557","Oklahoma","MOYERS","MAIN OFFICE",395687003,"100 MAIN ST","MOYERS","OK","74557-9998","Sep-91","USPS (Not Roof)",2011-09-01,2016-08-31,"A","A","None Specified","N",1,5,"MALOY PROPERTIES LLC","928 GLENLAKE DRIVE","","","EDMOND","OK","730131812",874,28643,6930,7.93,7272,8.32,"100 MAIN ST,MOYERS,OK,74557-9998",437,"Moyers","OK",34.391572,-95.67366,0.448070739549839
"178","74560","Oklahoma","PITTSBURG","MAIN OFFICE",396567002,"500 E BROADWAY ST","PITTSBURG","OK","74560-9998","Sep-91","USPS (Not Roof)",2011-09-01,2016-08-31,"A","A","None Specified","N",1,5,"RENTAL ENTERPRISE LLC","PO BOX 579","","","GARDEN CITY","KS","678460579",1400,17500,13300,9.5,13968,9.98,"500 E BROADWAY ST,PITTSBURG,OK,74560-9998",647,"Pittsburg","OK",34.66625,-95.78885,2.01807073954984
"179","74561","Oklahoma","QUINTON","MAIN OFFICE",396798001,"911 E MAIN ST","QUINTON","OK","74561-6100","Jan-62","Landlord",2014-01-01,2018-12-31,"P","P","Reimbursable","",1,5,"RENTAL ENTERPRISE LLC","PO BOX 579","","","GARDEN CITY","KS","678460579",1571,6625,12883,8.2,13527.15,8.61,"911 E MAIN ST,QUINTON,OK,74561-6100",2270,"Quinton","OK",35.119128,-95.39008,0.718070739549838
"180","74562","Oklahoma","RATTAN","MAIN OFFICE",396842002,"200 HIGHWAY 3","RATTAN","OK","74562-9801","Apr-86","USPS",2016-04-01,2021-03-31,"A","A","Reimbursable","",1,5,"KEVIN MOORE","DBA ALPHA INVESTMENTS LLC","PO BOX 66","","ELGIN","IA","521410066",1400,17850,14130,10.09,14130,10.09,"200 HIGHWAY 3,RATTAN,OK,74562-9801",727,"Rattan","OK",34.263342,-95.30693,2.60807073954984
"181","74563","Oklahoma","RED OAK","MAIN OFFICE",396886002,"111 NE DIVISION ST","RED OAK","OK","74563-9998","Jan-76","Landlord",2016-01-01,2020-12-31,"B","B","Reimbursable","",1,5,"HOOVER  & HOOVER CONSTRUCTION","3814 HILLSIDE DR","","","SAPULPA","OK","740668943",1400,17000,13860,9.9,14553,10.4,"111 NE DIVISION ST,RED OAK,OK,74563-9998",2204,"Red Oak","OK",34.948771,-95.1037,2.41807073954984
"182","74565","Oklahoma","SAVANNA","MAIN OFFICE",397271001,"15 S MAIN ST","SAVANNA","OK","74565-9800","Sep-65","Landlord",2015-09-01,2020-08-31,"A","A","Reimbursable","",NA,NA,"LAWRENCE M MAGDOVITZ","AND/OR HAL G FISER","PO BOX 997","","CLARKSDALE","MS","386140997",1564,5544,13764,8.8,0,0,"15 S MAIN ST,SAVANNA,OK,74565-9800",619,"Savanna","OK",34.831398,-95.83967,1.31807073954984
"183","74569","Oklahoma","STRINGTOWN","MAIN OFFICE",397876002,"107 E REBA MCENTIRE AVE","STRINGTOWN","OK","74569-9801","May-81","Landlord",2016-05-01,2021-04-30,"B","B","None Specified","",NA,NA,"RICHARD L MAHAN","AND MICKEY J MAHAN","11711 PUMPKIN HOLLOW RD","","BENTONVILLE","AR","727128790",1400,21811,14700,10.5,0,0,"107 E REBA MCENTIRE AVE,STRINGTOWN,OK,74569-9801",1035,"Stringtown","OK",34.491359,-95.94157,3.01807073954984
"184","74570","Oklahoma","STUART","MAIN OFFICE",397909002,"619 ROOSEVELT AVE","STUART","OK","74570-9997","Dec-86","USPS (Not Roof)",1997-03-01,2022-02-28,"A","A","Reimbursable","Y",2,10,"UNITED PO INVEST INC","123 GROVE AVE STE 222","","","CEDARHURST","NY","115162302",2320,24500,17400,7.5,18560,8,"619 ROOSEVELT AVE,STUART,OK,74570-9997",1123,"Stuart","OK",34.858091,-96.09233,0.018070739549839
"185","74571","Oklahoma","TALIHINA","MAIN OFFICE",398052001,"405 DALLAS ST","TALIHINA","OK","74571-9800","Feb-69","Landlord",2014-02-01,2019-01-31,"A","A","Reimbursable","",1,5,"JAHALA WILLIAMS","PO BOX 628","","","TALIHINA","OK","745710628",3676,15448,17160,4.67,18876,5.13,"405 DALLAS ST,TALIHINA,OK,74571-9800",3643,"Talihina","OK",34.729815,-95.03625,-2.81192926045016
"186","74572","Oklahoma","TUPELO","MAIN OFFICE",398360001,"403 MAIN ST","TUPELO","OK","74572-5000","Sep-68","USPS",2015-09-01,2020-08-31,"B","B","None Specified","",NA,NA,"JOYCE PARKS TOMLINSON","PO BOX 865","","","ADA","OK","748210865",960,6956,6612,6.89,0,0,"403 MAIN ST,TUPELO,OK,74572-5000",669,"Tupelo","OK",34.626083,-96.43083,-0.591929260450161
"187","74574","Oklahoma","TUSKAHOMA","MAIN OFFICE",398415001,"301 W MAIN ST","TUSKAHOMA","OK","74574-9800","May-60","Landlord",2013-06-01,2018-05-31,"B","B","Reimbursable","",NA,NA,"LAWRENCE M MAGDOVITZ","BOX 997","","","CLARKSDALE","MS","386140997",919,1400,7200,7.83,0,0,"301 W MAIN ST,TUSKAHOMA,OK,74574-9800",1180,"Tuskahoma","OK",34.646758,-95.27642,0.348070739549839
"188","74577","Oklahoma","WHITESBORO","MAIN OFFICE",399064002,"57137 WHITE WOOD DR","WHITESBORO","OK","74577-9998","Dec-90","USPS",2015-12-01,2020-11-30,"A","A","None Specified","N",2,NA,"JACK HOLDERFIELD","& JUDY HOLDERFIELD","PO BOX 205","","KINTA","OK","745520205",1067,17850,10800,10.12,0,0,"57137 WHITE WOOD DR,WHITESBORO,OK,74577-9998",365,"Whitesboro","OK",34.689854,-94.8558,2.63807073954984
"189","74630","Oklahoma","BILLINGS","MAIN OFFICE",390737001,"113 W MAIN ST","BILLINGS","OK","74630-9998","Jul-60","Landlord",2014-07-20,2019-07-19,"A","A","None Specified","",1,5,"H B EVANS","PO BOX 158","","","BILLINGS","OK","746300158",1617,3354,9300,5.75,10596,6.55,"113 W MAIN ST,BILLINGS,OK,74630-9998",684,"Billings","OK",36.52791,-97.43304,-1.73192926045016
"190","74632","Oklahoma","BRAMAN","MAIN OFFICE",391023001,"410 BROADWAY AVE","BRAMAN","OK","74632-9998","Apr-76","Landlord",2013-04-01,2018-03-31,"A","A","Reimbursable","N",1,5,"LAWRENCE M MAGDOVITZ","PO BOX 997","","","CLARKSDALE","MS","386140997",1067,11811,8536,8,10704.14,10.03,"410 BROADWAY AVE,BRAMAN,OK,74632-9998",517,"Braman","OK",36.939016,-97.33875,0.518070739549839
"191","74633","Oklahoma","BURBANK","MAIN OFFICE",391199001,"100 E MCCORKLE AVE","BURBANK","OK","74633-9998","Jan-75","Landlord",2015-04-01,2020-03-31,"B","B","None Specified","N",NA,NA,"ROBERTA JO OLDFIELD","BOX 178","","","BURBANK","OK","746330178",1067,15600,7200,6.75,0,0,"100 E MCCORKLE AVE,BURBANK,OK,74633-9998",582,"Burbank","OK",36.694585,-96.73934,-0.731929260450161
"192","74640","Oklahoma","HUNTER","MAIN OFFICE",394224001,"126 N MAINE ST","HUNTER","OK","74640-9998","Oct-69","Landlord",2014-11-01,2019-10-31,"B","B","Reimbursable","",1,5,"CORRAL CREEK LLC","PO BOX 1023","","","VAIL","CO","816581023",1056,7000,6864,6.5,7392,7,"126 N MAINE ST,HUNTER,OK,74640-9998",373,"Hunter","OK",36.585776,-97.61334,-0.981929260450161
"193","74641","Oklahoma","KAW CITY","MAIN OFFICE",394389001,"701 MORGAN SQ","KAW CITY","OK","74641-9998","Jul-72","Landlord",2012-07-01,2017-06-30,"P","P","Reimbursable","",1,5,"NATIONAL INVESTMENT PROPERTIES INC","C/O DARLENE VISSER","11004 COLVOS DR NW","","GIG HARBOR","WA","983327529",960,6185,6600,6.88,7200,7.5,"701 MORGAN SQ,KAW CITY,OK,74641-9998",594,"Kaw City","OK",36.807276,-96.86091,-0.601929260450161
"194","74643","Oklahoma","LAMONT","MAIN OFFICE",394686001,"101 N MAIN ST","LAMONT","OK","74643-9998","Sep-60","Landlord",2013-09-01,2018-08-31,"P","P","None Specified","",1,5,"OSAGE RECREATIONAL INVEST LLC","4009 SHENANDOAH","","","ENID","OK","737032018",1317,5742,6703,5.09,7728,5.87,"101 N MAIN ST,LAMONT,OK,74643-9998",535,"Lamont","OK",36.69588,-97.56931,-2.39192926045016
"195","74650","Oklahoma","RALSTON","MAIN OFFICE",396809001,"560 E MAIN ST","RALSTON","OK","74650-9998","Jun-70","Landlord",2015-06-01,2020-05-31,"A","A","None Specified","",1,5,"DENNIS K KENNEDY","MARVILLE A KENNEDY","200 W MULBERRY","","FAIRFAX","OK","746373019",1257,8030,6564,5.22,7476,5.95,"560 E MAIN ST,RALSTON,OK,74650-9998",678,"Ralston","OK",36.500388,-96.74013,-2.26192926045016
"196","74651","Oklahoma","RED ROCK","MAIN OFFICE",396897002,"500 MCKINLEY ST","RED ROCK","OK","74651-9998","Nov-85","USPS",2015-11-01,2020-10-31,"A","A","Reimbursable","",1,5,"PEACHTREE PROPERTIES LLC","P O BOX 42004","","","OKLAHOMA CITY","OK","731233004",1400,21000,11760,8.4,12936,9.24,"500 MCKINLEY ST,RED ROCK,OK,74651-9998",689,"Red Rock","OK",36.473704,-97.20505,0.918070739549839
"197","74652","Oklahoma","SHIDLER","MAIN OFFICE",397480001,"301 S COSDEN AVE","SHIDLER","OK","74652-9998","Sep-58","Landlord",2013-07-01,2018-06-30,"P","P","Reimbursable","",NA,NA,"HARRIMACK, LLC","8342 MACON RD","","","CORDOVA","TN","380188554",1551,4916,12400,7.99,12400,7.99,"301 S COSDEN AVE,SHIDLER,OK,74652-9998",738,"Shidler","OK",36.830328,-96.68054,0.508070739549839
"198","74723","Oklahoma","BENNINGTON","MAIN OFFICE",390638002,"310 N PERRY ST","BENNINGTON","OK","74723-9998","Aug-84","USPS",2014-08-01,2019-07-31,"A","A","Reimbursable","",1,5,"THE CHARLES P FREY JR","TRUST DATED 09/08/89","1045 DODGE LANE","","FALLON","NV","894069280",1400,14000,16800,12,17640,12.6,"310 N PERRY ST,BENNINGTON,OK,74723-9998",1554,"Bennington","OK",33.997865,-96.02963,4.51807073954984
"199","74724","Oklahoma","BETHEL","MAIN OFFICE",390704002,"100 MAIN ST","BETHEL","OK","74724-9998","Dec-86","USPS (Not Roof)",2011-12-01,2016-11-30,"A","A","None Specified","N",NA,NA,"CHARLES WILSON","AND/OR CONNIE WILSON","AND/OR DALE & JOYCE WILSON","RR5 BOX 118","BROKEN BOW","OK","747288906",725,18731,6706,9.25,0,0,"100 MAIN ST,BETHEL,OK,74724-9998",456,"Bethel","OK",34.402346,-94.79763,1.76807073954984
"200","74726","Oklahoma","BOKCHITO","MAIN OFFICE",390902001,"118 W MAIN ST","BOKCHITO","OK","74726-9998","Dec-68","Landlord",2013-12-01,2018-11-30,"P","P","Reimbursable","",1,5,"FIRST UNITED BANK","AND TRUST COMPANY","PO BOX 130","","DURANT","OK","747020130",1908,7000,12108,6.35,13320,6.98,"118 W MAIN ST,BOKCHITO,OK,74726-9998",2142,"Bokchito","OK",33.98526,-96.15629,-1.13192926045016
"201","74727","Oklahoma","BOSWELL","MAIN OFFICE",390935001,"515 HUNTER AVE","BOSWELL","OK","74727-9998","Jan-65","USPS",2015-01-25,2020-01-24,"B","B","Reimbursable","",NA,NA,"CORRAL CREEK LLC","PO BOX 1023","","","VAIL","CO","816581023",1850,8250,18960,10.25,0,0,"515 HUNTER AVE,BOSWELL,OK,74727-9998",2067,"Boswell","OK",34.026768,-95.8613,2.76807073954984
"202","74729","Oklahoma","CADDO","MAIN OFFICE",391309001,"127 W BUFFALO ST","CADDO","OK","74729-9998","Aug-62","Shared",2012-08-16,2018-08-15,"A","A","Reimbursable","",1,NA,"CARTER FARMS, LLC","PO BOX 6864","","","TYLER","TX","757116864",2017,6500,17648.75,8.75,0,0,"127 W BUFFALO ST,CADDO,OK,74729-9998",3182,"Caddo","OK",34.137095,-96.26936,1.26807073954984
"203","74731","Oklahoma","CARTWRIGHT","MAIN OFFICE",391529002,"52 BOAT CLUB RD","CARTWRIGHT","OK","74731-9800","Apr-92","USPS (Not Roof)",2012-04-01,2017-03-31,"A","A","None Specified","Y",1,5,"MALOY PROPERTIES LLC","928 GLENLAKE DRIVE","","","EDMOND","OK","730131812",1400,19000,11200,8,9900,7.07,"52 BOAT CLUB RD,CARTWRIGHT,OK,74731-9800",2128,"Cartwright","OK",33.869195,-96.57617,0.518070739549839
"204","74734","Oklahoma","EAGLETOWN","MAIN OFFICE",392673003,"104 E HIGHWAY 70","EAGLETOWN","OK","74734-9998","Aug-99","Landlord",2014-08-06,2019-08-05,"A","A","Reimbursable","Y",2,10,"GMS FAMILY TRUST","GINA M SULLIVAN","PO BOX 883","","COMMERCE","TX","754290883",1462,54806,17544,12,31579,21.6,"104 E HIGHWAY 70,EAGLETOWN,OK,74734-9998",1103,"Eagletown","OK",34.138965,-94.55407,4.51807073954984
"205","74736","Oklahoma","GARVIN","MAIN OFFICE",393322002,"10 N LOVE ST","GARVIN","OK","74736-9800","Apr-83","USPS",2013-04-01,2018-03-31,"A","A","Reimbursable","",2,10,"JOHNSON REAL ESTATE LP","PO BOX 303","","","LELAND","MS","387560303",1400,14000,11200,8,11760,8.4,"10 N LOVE ST,GARVIN,OK,74736-9800",1103,"Garvin","OK",33.917419,-94.96494,0.518070739549839
"206","74740","Oklahoma","HAWORTH","MAIN OFFICE",393839001,"100 N ELM ST","HAWORTH","OK","74740-9800","Aug-76","Landlord",2011-08-01,2016-07-31,"B","B","Reimbursable","",1,5,"HILL INVESTMENTS LLC","C/O ROBERT M HILL SR","PO BOX 389","","PERRYVILLE","AR","721260389",1856,54588,15183,8.18,16092,8.67,"100 N ELM ST,HAWORTH,OK,74740-9800",2365,"Haworth","OK",33.784733,-94.60436,0.698070739549839
"207","74748","Oklahoma","KENEFIC","MAIN OFFICE",394444002,"117 MARY ST","KENEFIC","OK","74748-9998","Oct-92","USPS (Not Roof)",2012-10-13,2017-10-12,"A","A","Reimbursable","Y",1,5,"JERRY IRVIN","12610 J RENDON RD","","","BURLESON","TX","760289062",1067,19500,6605,6.19,6672,6.25,"117 MARY ST,KENEFIC,OK,74748-9998",549,"Kenefic","OK",34.163069,-96.47772,-1.29192926045016
"208","74750","Oklahoma","MILLERTON","MAIN OFFICE",395533002,"101 N MAIN ST","MILLERTON","OK","74750-9998","Sep-83","USPS",2013-09-01,2018-08-31,"A","A","Reimbursable","",1,5,"CARRIE BRIDGES","906 MORSE RD","","","ATLANTA","TX","755513413",1450,11068,12695,8.76,13329,9.19,"101 N MAIN ST,MILLERTON,OK,74750-9998",457,"Millerton","OK",33.98471,-95.01088,1.27807073954984
"209","74756","Oklahoma","SAWYER","MAIN OFFICE",397282002,"100 DAM ACCESS","SAWYER","OK","74756-9800","Sep-83","USPS",2013-09-01,2018-08-31,"A","A","Reimbursable","",1,5,"GLADYS E SHARP","PO BOX 97","","","SAWYER","OK","747560097",1034,14374,8593,8.31,9022,8.73,"100 DAM ACCESS,SAWYER,OK,74756-9800",987,"Sawyer","OK",34.023191,-95.36911,0.828070739549839
"210","74759","Oklahoma","SOPER","MAIN OFFICE",397612002,"300 PARIS AVE","SOPER","OK","74759-9800","Feb-89","USPS (Not Roof)",2014-02-01,2019-01-31,"A","A","None Specified","N",NA,NA,"JOHNSON REAL ESTATE LP","PO BOX 303","","","LELAND","MS","387560303",1400,12600,12000,8.57,0,0,"300 PARIS AVE,SOPER,OK,74759-9800",1374,"Soper","OK",34.038263,-95.70851,1.08807073954984
"211","74766","Oklahoma","WRIGHT CITY","MAIN OFFICE",399196002,"301 W 10TH ST","WRIGHT CITY","OK","74766-9998","Nov-83","USPS",2013-11-01,2018-10-31,"A","A","Reimbursable","",1,5,"DANIELS BLDG & CONST INC","PO BOX 20878","","","BEAUMONT","TX","777200878",2320,32548,19000,8.19,20000,8.62,"301 W 10TH ST,WRIGHT CITY,OK,74766-9998",1357,"Wright City","OK",34.148691,-94.95546,0.708070739549838
"212","74824","Oklahoma","AGRA","MAIN OFFICE",390110002,"13 S MAIN ST","AGRA","OK","74824-9998","Apr-79","Landlord",2014-04-10,2019-04-09,"A","A","None Specified","",NA,NA,"MAVERIC MINI MARTS INC","PO BOX 1489","","","CUSHING","OK","740231489",831,2500,4800,5.78,0,0,"13 S MAIN ST,AGRA,OK,74824-9998",1449,"Agra","OK",35.883914,-96.86735,-1.70192926045016
"213","74825","Oklahoma","ALLEN","MAIN OFFICE",390209002,"107 S EASTON","ALLEN","OK","74825-9998","Jul-90","USPS (Not Roof)",2015-07-01,2020-06-30,"A","A","None Specified","N",NA,NA,"MONROE HODGES, TRUSTEE","MONROE HODGES REVOCABLE","LIVING TRUST","14863 CR 3582","ADA","OK","748203054",1856,21000,17632,9.5,0,0,"107 S EASTON,ALLEN,OK,74825-9998",2023,"Allen","OK",34.817511,-96.4108,2.01807073954984
"214","74826","Oklahoma","ASHER","MAIN OFFICE",390396001,"112 W MAIN ST","ASHER","OK","74826-9998","Apr-38","Landlord",2012-04-01,2017-03-31,"A","A","None Specified","N",NA,NA,"LAWRENCE M MAGDOVITZ","PO BOX 997","","","CLARKSDALE","MS","386140997",1043,2343,6750,6.47,0,0,"112 W MAIN ST,ASHER,OK,74826-9998",1054,"Asher","OK",35.012407,-96.91873,-1.01192926045016
"215","74827","Oklahoma","ATWOOD","MAIN OFFICE",390429002,"321 HIGHWAY 1","ATWOOD","OK","74827-9998","Oct-89","USPS (Not Roof)",2014-10-01,2019-09-30,"A","A","None Specified","N",NA,NA,"MONTE L SILL","3121 NW 22ND ST","","","OKLAHOMA CITY","OK","731073017",725,14000,7236,9.98,0,0,"321 HIGHWAY 1,ATWOOD,OK,74827-9998",472,"Atwood","OK",34.949547,-96.33356,2.49807073954984
"216","74829","Oklahoma","BOLEY","MAIN OFFICE",390924001,"122 S PECAN ST","BOLEY","OK","74829-9998","Aug-55","Landlord",2014-08-01,2019-07-31,"P","P","None Specified","",1,5,"BETTY J LEE FAM TRUST","MAURICE LEE III TRUSTEE","PO BOX 26","","BOLEY","OK","748290026",1242,1312,8222,6.62,8633,6.95,"122 S PECAN ST,BOLEY,OK,74829-9998",1427,"Boley","OK",35.49596,-96.48051,-0.861929260450161
"217","74831","Oklahoma","BYARS","MAIN OFFICE",391265003,"252 E RIPLEY ST","BYARS","OK","74831-9998","Oct-92","USPS (Not Roof)",2012-10-07,2017-10-06,"A","A","Reimbursable","Y",1,5,"POSTAL BUILDING & LEASING CO","720 OLIVE ST STE 1630","","","ST LOUIS","MO","631012321",1067,15000,6672,6.25,6408,6.01,"252 E RIPLEY ST,BYARS,OK,74831-9998",856,"Byars","OK",34.891218,-97.06278,-1.23192926045016
"218","74832","Oklahoma","CARNEY","MAIN OFFICE",391474002,"406 W SANTA FE ST","CARNEY","OK","74832-9998","Jan-85","USPS",2015-01-01,2019-12-31,"A","A","None Specified","",1,5,"JUDITH ANN WHITE","9016 SOUTH 48TH WEST AVE","","","TULSA","OK","741323413",1856,9809,17818,9.6,18709,10.08,"406 W SANTA FE ST,CARNEY,OK,74832-9998",1084,"Carney","OK",35.815581,-97.01061,2.11807073954984
"219","74837","Oklahoma","CROMWELL","MAIN OFFICE",392211002,"104 N SHAWNEE AVE","CROMWELL","OK","74837-9998","May-81","Landlord",2014-05-01,2019-04-30,"B","B","Reimbursable","",1,5,"MONROE HODGES, TRUSTEE","MONROE HODGES REVOCABLE","LIVING TRUST","14863 CR 3582","ADA","OK","748203054",874,12500,7428,8.5,7872,9.01,"104 N SHAWNEE AVE,CROMWELL,OK,74837-9998",510,"Cromwell","OK",35.348331,-96.46385,1.01807073954984
"220","74839","Oklahoma","DUSTIN","MAIN OFFICE",392651002,"127 N BROADWAY ST","DUSTIN","OK","74839-9998","Aug-83","USPS (Not Roof)",2013-08-01,2018-07-31,"A","A","Reimbursable","",NA,NA,"P O OK PARTNERSHIP","PO BOX 1387","","","SARASOTA","FL","342301387",2376,17246,18727.2,7.88,0,0,"127 N BROADWAY ST,DUSTIN,OK,74839-9998",708,"Dustin","OK",35.262169,-96.05434,0.398070739549839
"221","74840","Oklahoma","EARLSBORO","MAIN OFFICE",392695002,"220 W MAIN ST","EARLSBORO","OK","74840-9998","May-92","USPS (Not Roof)",2012-05-23,2017-05-22,"A","A","Reimbursable","Y",1,5,"MONROE HODGES, TRUSTEE","MONROE HODGES REVOCABLE","LIVING TRUST","14863 CR 3582","ADA","OK","748203054",1067,17500,11600,10.87,9600,9,"220 W MAIN ST,EARLSBORO,OK,74840-9998",1622,"Earlsboro","OK",35.29689,-96.78325,3.38807073954984
"222","74849","Oklahoma","KONAWA","MAIN OFFICE",394609001,"100 S BROADWAY ST","KONAWA","OK","74849-9998","Jul-63","Landlord",2013-07-01,2018-06-30,"A","A","None Specified","",1,5,"GARY C DONER AND","BILLIE D DONER","415 MEADOW LN","","KONAWA","OK","748491419",2767,9035,13728,4.96,15096,5.46,"100 S BROADWAY ST,KONAWA,OK,74849-9998",3158,"Konawa","OK",34.969783,-96.73899,-2.52192926045016
"223","74852","Oklahoma","MACOMB","MAIN OFFICE",395170002,"36654 SECOND ST","MACOMB","OK","74852-9998","Nov-87","USPS (Not Roof)",2014-11-01,2019-10-31,"A","A","None Specified","N",NA,NA,"ROYCE HUGH WORDEN","5544 MONTIA COURT","","","ORANGEVALE","CA","956625310",1034,6042,10224,9.89,0,0,"36654 SECOND ST,MACOMB,OK,74852-9998",1479,"Macomb","OK",35.123383,-97.00869,2.40807073954984
"224","74854","Oklahoma","MAUD","MAIN OFFICE",395335001,"201 W MAIN ST","MAUD","OK","74854-9998","Jul-61","Landlord",2014-07-01,2019-06-30,"P","P","Reimbursable","",NA,NA,"LAWRENCE M MAGDOVITZ","PO BOX 997","","","CLARKSDALE","MS","386140997",2162,7000,15134,7,0,0,"201 W MAIN ST,MAUD,OK,74854-9998",1724,"Maud","OK",35.129805,-96.77625,-0.481929260450161
"225","74856","Oklahoma","MILL CREEK","MAIN OFFICE",395511002,"100 W MAIN ST","MILL CREEK","OK","74856-9998","Jun-88","USPS (Not Roof)",1997-03-01,2022-02-28,"A","A","Reimbursable","Y",2,10,"UNITED PO INVEST INC","123 GROVE AVE STE 222","","","CEDARHURST","NY","115162302",1067,14000,8002.5,7.5,8536,8,"100 W MAIN ST,MILL CREEK,OK,74856-9998",890,"Mill Creek","OK",34.395266,-96.81667,0.018070739549839
"226","74857","Oklahoma","NEWALLA","MAIN OFFICE",395830003,"5900 S HARRAH RD","NEWALLA","OK","74857-9998","Oct-80","Landlord",2015-10-01,2020-09-30,"P","P","None Specified","",NA,NA,"VERMAAS LAND CO LLC","1900 SW 6TH ST","","","LINCOLN","NE","685221729",1905,33840,17736,9.31,0,0,"5900 S HARRAH RD,NEWALLA,OK,74857-9998",8076,"Newalla","OK",35.351612,-97.19507,1.82807073954984
"227","74860","Oklahoma","PADEN","MAIN OFFICE",396314002,"813 S MAIN ST","PADEN","OK","74860-9998","Jul-87","Shared",2012-12-01,2017-11-30,"A","A","Reimbursable","N",NA,NA,"ROBERT W HOLMAN","PO BOX 66","","","PADEN","OK","748600066",1856,17500,10800,5.82,0,0,"813 S MAIN ST,PADEN,OK,74860-9998",2192,"Paden","OK",35.514019,-96.56969,-1.66192926045016
"228","74864","Oklahoma","PRAGUE","MAIN OFFICE",396688002,"804 9TH ST","PRAGUE","OK","74864-9998","Dec-66","Landlord",2011-12-01,2016-11-30,"B","B","Reimbursable","Y",NA,NA,"NATIONWIDE POSTAL MANAGEMENT","J LEONARD SPODEK","123 GROVE AVENUE STE 222","","CEDARHURST","NY","115162302",3001,11210,15840,5.28,0,0,"804 9TH ST,PRAGUE,OK,74864-9998",5248,"Prague","OK",35.490727,-96.69141,-2.20192926045016
"229","74865","Oklahoma","ROFF","MAIN OFFICE",397029001,"204 W MAIN ST","ROFF","OK","74865-9998","Jan-59","Landlord",2013-06-01,2018-05-31,"P","P","Reimbursable","",1,5,"CHARLES L MORROW","24044 HWY 1 WEST","","","ROFF","OK","748656006",1041,6891,4440,4.27,5040,4.84,"204 W MAIN ST,ROFF,OK,74865-9998",1981,"Roff","OK",34.618331,-96.81397,-3.21192926045016
"230","74867","Oklahoma","SASAKWA","MAIN OFFICE",397260001,"1 OLIVE ST","SASAKWA","OK","74867-9998","Mar-62","Landlord",2013-04-01,2018-03-31,"P","P","Reimbursable","",NA,NA,"LAWRENCE M MAGDOVITZ","PO BOX 997","","","CLARKSDALE","MS","386140997",989,1725,7500,7.58,0,0,"1 OLIVE ST,SASAKWA,OK,74867-9998",1150,"Sasakwa","OK",34.948211,-96.53394,0.098070739549839
"231","74869","Oklahoma","SPARKS","MAIN OFFICE",397645001,"316 BROADWAY ST","SPARKS","OK","74869-9998","Oct-63","Landlord",2012-10-01,2017-09-30,"A","A","None Specified","",NA,NA,"NATIONWIDE REAL ESTATE INC","100 N LASALLE ST STE 1111","","","CHICAGO","IL","606023537",519,1335,4104,7.91,0,0,"316 BROADWAY ST,SPARKS,OK,74869-9998",691,"Sparks","OK",35.601113,-96.7777,0.428070739549839
"232","74871","Oklahoma","STONEWALL","MAIN OFFICE",397843001,"124 W MAIN ST","STONEWALL","OK","74871-9998","Sep-57","USPS",2015-09-22,2020-09-21,"A","A","Reimbursable","",1,5,"MONROE HODGES, TRUSTEE","MONROE HODGES REVOCABLE","LIVING TRUST","14863 CR 3582","ADA","OK","748203054",1144,3394,9600,8.39,10080,8.81,"124 W MAIN ST,STONEWALL,OK,74871-9998",2155,"Stonewall","OK",34.630936,-96.55756,0.90807073954984
"233","74872","Oklahoma","STRATFORD","MAIN OFFICE",397865001,"116 E MAIN ST","STRATFORD","OK","74872-9998","Jan-59","Landlord",2013-01-01,2017-12-31,"P","P","Reimbursable","",1,5,"CHARLES L MORROW","24044 HWY 1 WEST","","","ROFF","OK","748656006",2744,6939,11940,4.35,13500,4.92,"116 E MAIN ST,STRATFORD,OK,74872-9998",3712,"Stratford","OK",34.793533,-96.97738,-3.13192926045016
"234","74878","Oklahoma","WANETTE","MAIN OFFICE",398701001,"112 E MAIN ST","WANETTE","OK","74878-9998","May-65","USPS",2013-05-01,2018-04-30,"P","P","None Specified","N",NA,NA,"CARTER FARMS, LLC","PO BOX 6864","","","TYLER","TX","757116864",1254,2800,6897,5.5,0,0,"112 E MAIN ST,WANETTE,OK,74878-9998",1517,"Wanette","OK",35.012317,-97.06156,-1.98192926045016
"235","74883","Oklahoma","WETUMKA","MAIN OFFICE",398998001,"119 N MAIN ST","WETUMKA","OK","74883-9998","Jul-56","Landlord",2011-07-01,2016-06-30,"A","A","Reimbursable","N",NA,NA,"HARRIMACK, LLC","8342 MACON RD","","","CORDOVA","TN","380188554",1600,3398,11520,7.2,12396,7.75,"119 N MAIN ST,WETUMKA,OK,74883-9998",2448,"Wetumka","OK",35.232465,-96.23571,-0.281929260450161
"236","74901","Oklahoma","ARKOMA","MAIN OFFICE",390374001,"308 SICARD AVE","ARKOMA","OK","74901-9998","Apr-71","Landlord",2016-04-01,2021-03-31,"B","B","Reimbursable","",NA,NA,"BARBARA BRICKEY HIXSON","5671 S DELAWARE PL","","","TULSA","OK","741057445",1876,13605,15609,8.32,0,0,"308 SICARD AVE,ARKOMA,OK,74901-9998",1984,"Arkoma","OK",35.347792,-94.44274,0.838070739549839
"237","74902","Oklahoma","POCOLA","MAIN OFFICE",396605001,"101 E VICTOR LN","POCOLA","OK","74902-9998","Aug-87","USPS",2012-08-01,2017-07-31,"A","A","Reimbursable","",1,5,"SAM JAGGERS","AND/OR BEVERLY JAGGERS","6100 PARK AVE","","FORT SMITH","AR","729032125",2320,26814,12886,5.55,13920,6,"101 E VICTOR LN,POCOLA,OK,74902-9998",4098,"Pocola","OK",35.241727,-94.46967,-1.93192926045016
"238","74930","Oklahoma","BOKOSHE","MAIN OFFICE",390913001,"100 HIGHWAY 31","BOKOSHE","OK","74930-9998","Mar-63","USPS (Not Roof)",2016-03-15,2021-03-14,"B","B","Reimbursable","",NA,NA,"MEADORS INVESTMENT","COMPANY INC","218 COMMERCE DR","","ALMA","AR","729214767",1520,10487,8676,5.71,0,0,"100 HIGHWAY 31,BOKOSHE,OK,74930-9998",1901,"Bokoshe","OK",35.184593,-94.79752,-1.77192926045016
"239","74931","Oklahoma","BUNCH","MAIN POST OFFICE",391188002,"3 E MAIN ST","BUNCH","OK","74931-9998","","Landlord",2013-11-01,2018-10-31,"Y","Z","None Specified","",1,5,"LORETTA L SUMPTER","RR1 BOX 1","","","BUNCH","OK","749319700",469,15000,1980,4.22,2400,5.12,"3 E MAIN ST,BUNCH,OK,74931-9998",1644,"Bunch","OK",35.690088,-94.76307,-3.26192926045016
"240","74932","Oklahoma","CAMERON","MAIN OFFICE",391364003,"15818 CHURCH ST","CAMERON","OK","74932-9800","Apr-82","USPS (Not Roof)",2012-04-01,2017-03-31,"B","B","Reimbursable","",1,5,"SUMICO PROPERTIES LLC","PO BOX 3003","","","FLINT","TX","757623050",1856,11400,15450,8.32,16500,8.89,"15818 CHURCH ST,CAMERON,OK,74932-9800",2666,"Cameron","OK",35.138765,-94.54108,0.838070739549839
"241","74936","Oklahoma","GANS","MAIN OFFICE",393300002,"100 S STACY AVE","GANS","OK","74936-9801","Dec-89","USPS (Not Roof)",2014-12-01,2019-11-30,"A","A","None Specified","N",NA,NA,"DOYAL HOOVER","AND MARIANNE HOOVER","3814 HILLSIDE DR","","SAPULPA","OK","740668943",725,14000,8820,12.17,0,0,"100 S STACY AVE,GANS,OK,74936-9801",1608,"Gans","OK",35.392525,-94.70368,4.68807073954984
"242","74939","Oklahoma","HODGEN","MAIN OFFICE",394048002,"47061 US HIGHWAY 59","HODGEN","OK","74939-9800","Oct-86","Landlord",2011-10-01,2016-09-30,"A","A","Reimbursable","N",NA,NA,"J AND J POST OFFICE PARTNERSHIP","C/O JIM D HOLDERFIELD","PO BOX 205","","KINTA","OK","745520205",1400,19515,15000,10.71,14500,10.36,"47061 US HIGHWAY 59,HODGEN,OK,74939-9800",1499,"Hodgen","OK",34.712466,-94.65008,3.22807073954984
"243","74940","Oklahoma","HOWE","MAIN OFFICE",394158001,"21525 W MAIN ST","HOWE","OK","74940-9998","Jul-75","Landlord",2015-07-01,2020-06-30,"A","A","Reimbursable","N",NA,NA,"SUSAN W HARGROVE","PO BOX 69","","","EDMOND","OK","730830069",1400,17500,12408,8.86,0,0,"21525 W MAIN ST,HOWE,OK,74940-9998",2632,"Howe","OK",34.956272,-94.63333,1.37807073954984
"244","74941","Oklahoma","KEOTA","MAIN OFFICE",394477002,"307 SW MAIN ST","KEOTA","OK","74941-9998","Oct-90","USPS (Not Roof)",2015-10-01,2020-09-30,"A","A","None Specified","N",NA,NA,"JHCH PROPERTIES LLC","4527 E 91ST ST","","","TULSA","OK","741372810",1856,17500,18560,10,0,0,"307 SW MAIN ST,KEOTA,OK,74941-9998",2529,"Keota","OK",35.26773,-94.87609,2.51807073954984
"245","74945","Oklahoma","MARBLE CITY","MAIN OFFICE",395258003,"105 N MAIN ST","MARBLE CITY","OK","74945-9998","Aug-86","USPS (Not Roof)",2013-08-01,2018-07-31,"A","A","None Specified","",NA,NA,"JIMMY MC CLENDON","AND/OR ELLEN MCCLENDON","PO BOX 87","","MARBLE CITY","OK","749450087",750,3500,4600,6.13,0,0,"105 N MAIN ST,MARBLE CITY,OK,74945-9998",560,"Marble City","OK",35.595915,-94.8089,-1.35192926045016
"246","74956","Oklahoma","SHADY POINT","MAIN OFFICE",397403001,"23067 WHEELUS ST","SHADY POINT","OK","74956-9800","Oct-68","Landlord",2013-10-01,2018-09-30,"B","B","None Specified","",1,5,"LAWRENCE M MAGDOVITZ","PO BOX 997","","","CLARKSDALE","MS","386140997",864,7000,7200,8.33,8000,9.26,"23067 WHEELUS ST,SHADY POINT,OK,74956-9800",2198,"Shady Point","OK",35.122751,-94.72058,0.848070739549839
"247","74957","Oklahoma","SMITHVILLE","MAIN OFFICE",397557002,"200 HIGHWAY 4","SMITHVILLE","OK","74957-9801","Jul-92","USPS (Not Roof)",2012-08-01,2017-07-31,"A","A","None Specified","N",1,5,"MALOY PROPERTIES LLC","928 GLENLAKE DRIVE","","","EDMOND","OK","730131812",1856,22500,11537,6.22,10020,5.4,"200 HIGHWAY 4,SMITHVILLE,OK,74957-9801",960,"Smithville","OK",34.503213,-94.67157,-1.26192926045016
"248","74959","Oklahoma","SPIRO","MAIN OFFICE",397722001,"123 N MAIN ST","SPIRO","OK","74959-9998","Feb-70","Landlord",2015-02-01,2020-01-31,"B","B","Reimbursable","",1,5,"MEADORS INVESTMENT","COMPANY INC","218 COMMERCE DR","","ALMA","AR","729214767",3381,10500,19356,5.72,21300,6.3,"123 N MAIN ST,SPIRO,OK,74959-9998",6303,"Spiro","OK",35.247209,-94.62105,-1.76192926045016
"249","74963","Oklahoma","WATSON","MAIN OFFICE",398811001,"100 HIGHWAY 4","WATSON","OK","74963-9800","Oct-80","Landlord",2016-01-01,2020-12-31,"E","E","None Specified","",NA,NA,"MARY ANN PITTMAN","AND DEANA BURNETT","PO BOX 86","","WATSON","OK","749630086",480,4075,4200,8.75,0,0,"100 HIGHWAY 4,WATSON,OK,74963-9800",763,"Watson","OK",34.37769,-94.55278,1.26807073954984
"250","74964","Oklahoma","WATTS","MAIN OFFICE",398822001,"601 E 6TH ST","WATTS","OK","74964-9800","Sep-74","Landlord",2014-09-01,2019-08-31,"B","B","Reimbursable","N",NA,NA,"HOOVER  & HOOVER CONSTRUCTION","3814 HILLSIDE DR","","","SAPULPA","OK","740668943",1400,17220,11916,8.51,0,0,"601 E 6TH ST,WATTS,OK,74964-9800",2444,"Watts","OK",36.114272,-94.6335,1.02807073954984
"251","74966","Oklahoma","WISTER","MAIN OFFICE",399141001,"204 PLUM ST","WISTER","OK","74966-9998","Sep-59","Landlord",2011-01-01,2020-12-31,"A","A","Reimbursable","",1,5,"JACK HOLDERFIELD &","JUDY HOLDERFIELD","PO BOX 635","","WISTER","OK","749660635",2800,6560,19200,6.86,21200,7.57,"204 PLUM ST,WISTER,OK,74966-9998",3720,"Wister","OK",34.943609,-94.81453,-0.621929260450161
